time	accelerometer_x	accelerometer_y	accelerometer_z	gyroscope_x	gyroscope_y	gyroscope_z	
1	-1184	1656	-738	-290	787	468
6	-1369	1702	-719	-97	1188	491
11	-1393	1580	-683	-97	1188	491
16	-1347	1519	-640	-97	1188	491
21	-1259	1541	-713	-97	1188	491
26	-1313	1376	-478	-97	1188	491
31	-1275	1359	-355	-97	1188	491
36	-1212	1318	-183	-861	1318	588
41	-1128	1244	-163	-861	1318	588
46	-1242	1483	-303	-861	1318	588
51	-1582	1614	-519	-861	1318	588
56	-1150	1715	-775	-861	1318	588
61	-1218	1674	-898	-861	1318	588
66	-1231	1583	-1049	-245	1056	559
71	-1278	1609	-666	-245	1056	559
76	-893	1347	-843	-245	1056	559
81	-1016	1437	-727	-245	1056	559
100	-1391	1983	-667	-245	1056	559
101	-1409	2022	-677	-245	1056	559
106	-1318	1999	-723	-1654	500	796
111	-1383	2093	-1082	-1654	500	796
116	-1353	2248	-966	-1654	500	796
121	-1400	2162	-875	-1654	500	796
126	-1185	2019	-819	-1868	407	590
131	-1048	1943	-753	-1868	407	590
136	-1060	1796	-523	-1868	407	590
141	-995	1569	-666	-1868	407	590
146	-963	1150	-138	-1868	407	590
151	-719	808	-340	-1868	407	590
156	-942	1458	-321	-1868	407	590
161	-983	1635	-300	-641	1223	-264
166	-1031	1955	-181	-641	1223	-264
171	-1233	2131	-421	-641	1223	-264
176	-1278	1985	-529	-641	1223	-264
181	-1268	1933	-740	-641	1223	-264
186	-1314	1974	-911	-641	1223	-264
191	-1333	1932	-827	-1178	1550	-420
196	-1083	2018	-827	-1178	1550	-420
201	-1064	2035	-885	-1178	1550	-420
206	-642	1803	-632	-1178	1550	-420
211	-970	1874	-314	-1178	1550	-420
216	-1086	1926	-369	-1178	1550	-420
221	-1017	1615	-375	-1180	1529	660
226	-786	1721	-199	-1180	1529	660
231	-909	1636	-185	-1180	1529	660
236	-888	1494	-284	-1180	1529	660
241	-829	1507	-311	-1180	1529	660
246	-933	1396	-489	-1180	1529	660
251	-938	1613	-477	-1601	1249	710
256	-853	1940	-315	-1601	1249	710
261	-644	1855	-279	-1601	1249	710
266	-625	1855	-428	-1601	1249	710
271	-638	1781	-459	-1601	1249	710
276	-687	1629	-296	-1601	1249	710
281	-636	1480	-237	-192	908	1507
286	-715	1297	-178	-192	908	1507
291	-838	1259	-201	-192	908	1507
296	-883	1360	-333	-192	908	1507
301	-942	1626	-366	-192	908	1507
306	-849	1779	-348	-192	908	1507
311	-764	1770	-286	-192	908	1507
316	-655	1768	-339	1038	2256	2286
321	-722	1754	-107	1038	2256	2286
326	-474	1600	86	1038	2256	2286
331	-375	1402	79	1038	2256	2286
336	-401	1193	204	1038	2256	2286
341	-262	1037	168	1038	2256	2286
346	-71	997	-157	2517	2787	2378
351	-35	1212	-401	2517	2787	2378
356	-98	1474	-592	2517	2787	2378
361	58	1695	-428	2517	2787	2378
366	-18	1795	-594	2517	2787	2378
371	-517	1338	-881	2517	2787	2378
376	-1044	1677	-1425	-1251	1422	1259
381	-306	2008	-1353	-1251	1422	1259
386	440	1841	-1215	-1251	1422	1259
391	176	1469	-1039	-1251	1422	1259
396	407	1687	-924	-1251	1422	1259
401	377	2032	-1025	-1251	1422	1259
406	213	2283	-1065	1087	1553	2031
411	201	2278	-1011	1087	1553	2031
416	243	1945	-893	1087	1553	2031
421	321	1347	-732	1087	1553	2031
426	333	864	-624	1087	1553	2031
431	436	581	-541	1087	1553	2031
436	478	482	-559	706	1459	1956
441	566	699	-656	706	1459	1956
446	636	1157	-871	706	1459	1956
451	702	1575	-1077	706	1459	1956
456	830	1915	-1159	706	1459	1956
461	850	1975	-1088	706	1459	1956
466	889	1964	-943	706	1459	1956
471	1016	2349	-926	833	1222	-15
476	1131	2919	-1043	833	1222	-15
481	1287	3264	-1261	833	1222	-15
486	1228	3078	-1443	833	1222	-15
491	1116	2618	-1445	833	1222	-15
496	1141	2334	-1212	833	1222	-15
501	1522	2471	-1016	880	390	-3530
506	1725	3071	-1193	880	390	-3530
511	1620	4370	-1714	880	390	-3530
516	1578	5956	-2453	880	390	-3530
521	1409	6987	-2664	880	390	-3530
526	1315	7175	-2547	880	390	-3530
531	1506	6472	-2226	1922	-1489	-6850
536	1683	5710	-1909	1922	-1489	-6850
541	1796	5337	-2112	1922	-1489	-6850
546	1904	5614	-2604	1922	-1489	-6850
551	1800	6255	-3268	1922	-1489	-6850
556	1770	6920	-4039	1922	-1489	-6850
561	1878	6970	-4343	-4817	-5442	-12010
566	2151	6821	-4293	-4817	-5442	-12010
571	2486	6543	-3826	-4817	-5442	-12010
576	3156	5560	-2950	-4817	-5442	-12010
581	3235	3661	-2142	-4817	-5442	-12010
586	3170	2572	-1093	-4817	-5442	-12010
591	3154	2055	-440	-8355	882	-13501
596	2497	898	129	-8355	882	-13501
601	2163	34	15	-8355	882	-13501
606	2165	-74	-118	-8355	882	-13501
611	2156	-82	-150	-8355	882	-13501
616	2140	-65	-138	-8355	882	-13501
621	2138	-50	-154	-8355	882	-13501
626	2130	-37	-168	-7397	7092	-11558
631	2128	-29	-155	-7397	7092	-11558
636	2130	-11	-159	-7397	7092	-11558
641	2126	1	-147	-7397	7092	-11558
646	2122	6	-144	-7397	7092	-11558
651	2121	29	-156	-7397	7092	-11558
656	2132	30	-152	-5747	11156	-7707
661	2135	30	-155	-5747	11156	-7707
666	2135	35	-138	-5747	11156	-7707
671	2141	37	-131	-5747	11156	-7707
676	2136	50	-129	-5747	11156	-7707
681	2142	55	-131	-5747	11156	-7707
686	2143	53	-141	-4343	13008	-4064
691	2146	51	-138	-4343	13008	-4064
696	2151	61	-135	-4343	13008	-4064
701	2151	59	-124	-4343	13008	-4064
706	2162	57	-113	-4343	13008	-4064
711	2164	67	-119	-4343	13008	-4064
716	2162	60	-120	-3741	13506	-688
721	2164	58	-111	-3741	13506	-688
726	2168	62	-119	-3741	13506	-688
731	2171	54	-99	-3741	13506	-688
736	2171	47	-82	-3741	13506	-688
741	2171	48	-80	-3741	13506	-688
746	2165	34	-87	-3965	13231	2344
751	2174	38	-91	-3965	13231	2344
756	2166	41	-78	-3965	13231	2344
761	2164	31	-48	-3965	13231	2344
766	2167	32	-70	-3965	13231	2344
771	2155	29	-55	-3965	13231	2344
776	2153	24	-34	-3965	13231	2344
781	2146	27	-34	-4892	12111	5664
786	2139	22	-47	-4892	12111	5664
791	2119	15	-32	-4892	12111	5664
796	2120	19	-23	-4892	12111	5664
801	2109	5	-25	-4892	12111	5664
806	2100	6	-14	-4892	12111	5664
811	2319	-395	2676	1359	-2231	-1663
816	-2801	-2939	2692	1359	-2231	-1663
821	178	-861	2025	1359	-2231	-1663
826	-53	-2375	2211	1359	-2231	-1663
831	-129	-2746	1250	1359	-2231	-1663
836	331	-2461	1143	1359	-2231	-1663
841	192	-729	512	-2966	-1570	-890
846	233	-2974	2108	-2966	-1570	-890
851	33	-2568	2757	-2966	-1570	-890
856	-1960	-231	2563	-2966	-1570	-890
861	-2667	-298	901	-2966	-1570	-890
866	-116	-536	300	-2966	-1570	-890
871	-1412	-348	106	-2236	-2562	-1225
876	-1115	-382	-12	-2236	-2562	-1225
881	-810	-1038	195	-2236	-2562	-1225
886	-673	-1523	496	-2236	-2562	-1225
891	-426	-1780	779	-2236	-2562	-1225
896	-197	-1901	981	-2236	-2562	-1225
901	89	-1961	1184	-6386	38	-421
906	496	-1993	1401	-6386	38	-421
911	590	-1729	1597	-6386	38	-421
916	551	-1343	1662	-6386	38	-421
921	453	-1275	1670	-6386	38	-421
926	361	-1395	1569	-6386	38	-421
931	305	-1454	1336	-6386	38	-421
936	200	-1325	1019	-1750	-230	-2334
941	178	-1258	743	-1750	-230	-2334
946	357	-1269	500	-1750	-230	-2334
951	776	-1526	341	-1750	-230	-2334
956	1084	-1846	296	-1750	-230	-2334
961	972	-1744	149	-1750	-230	-2334
966	691	-1640	-60	243	-1814	-2629
971	723	-1651	-288	243	-1814	-2629
976	838	-1674	-445	243	-1814	-2629
981	1022	-1735	-610	243	-1814	-2629
986	1272	-1869	-532	243	-1814	-2629
991	1366	-2385	193	243	-1814	-2629
996	1360	-2679	831	-1143	250	-1718
1001	1450	-2824	1292	-1143	250	-1718
1006	1515	-2805	1417	-1143	250	-1718
1011	1426	-2763	1240	-1143	250	-1718
1016	1296	-2911	844	-1143	250	-1718
1021	1126	-3311	447	-1143	250	-1718
1026	1132	-4048	206	2315	32	2320
1031	1416	-5127	165	2315	32	2320
1036	1461	-5955	301	2315	32	2320
1041	1014	-6110	495	2315	32	2320
1046	907	-6026	366	2315	32	2320
1051	1193	-5768	79	2315	32	2320
1056	1400	-5291	114	888	2256	6965
1061	1517	-5071	500	888	2256	6965
1066	1709	-5385	985	888	2256	6965
1071	2061	-6387	1660	888	2256	6965
1076	2252	-7423	2228	888	2256	6965
1081	2288	-8097	2753	888	2256	6965
1086	2394	-8271	2683	888	2256	6965
1091	2654	-7889	2167	-1026	4442	14248
1096	3054	-7106	1643	-1026	4442	14248
1101	3412	-6344	1356	-1026	4442	14248
1106	4000	-5313	998	-1026	4442	14248
1111	4309	-4045	753	-1026	4442	14248
1116	4222	-2695	305	-1026	4442	14248
1121	4013	-1509	-33	-2253	2927	15305
1126	3217	-211	-87	-2253	2927	15305
1131	2973	-19	-135	-2253	2927	15305
1136	2947	-46	-109	-2253	2927	15305
1141	2940	-50	-102	-2253	2927	15305
1146	2942	-53	-115	-2253	2927	15305
1151	2951	-47	-93	-2808	586	15455
1156	2943	-57	-101	-2808	586	15455
1161	2936	-61	-89	-2808	586	15455
1166	2945	-53	-100	-2808	586	15455
1171	2934	-60	-104	-2808	586	15455
1176	2933	-56	-94	-2808	586	15455
1181	2934	-49	-98	-2589	-1915	15297
1186	2932	-44	-92	-2589	-1915	15297
1191	2936	-45	-105	-2589	-1915	15297
1196	2920	-36	-99	-2589	-1915	15297
1201	2923	-43	-106	-2589	-1915	15297
1206	2926	-31	-110	-2589	-1915	15297
1211	2922	-39	-112	-1672	-3832	14840
1216	2920	-32	-117	-1672	-3832	14840
1221	2911	-30	-114	-1672	-3832	14840
1226	2927	-36	-114	-1672	-3832	14840
1231	2903	-24	-113	-1672	-3832	14840
1236	2905	-25	-126	-1672	-3832	14840
1241	2908	-28	-120	-1672	-3832	14840
1246	2907	-32	-109	-475	-4592	14708
1251	2897	-33	-125	-475	-4592	14708
1256	2897	-22	-126	-475	-4592	14708
1261	2900	-26	-118	-475	-4592	14708
1266	2895	-26	-118	-475	-4592	14708
1271	2891	-22	-121	-475	-4592	14708
1276	2888	-35	-137	713	-4384	14648
1281	2876	-23	-135	713	-4384	14648
1286	2870	-34	-145	713	-4384	14648
1291	2864	-29	-134	713	-4384	14648
1296	2863	-26	-151	713	-4384	14648
1301	2854	-28	-136	713	-4384	14648
1306	2846	-26	-142	-27975	-1094	-9472
1311	2836	-25	-146	-27975	-1094	-9472
1316	2829	-25	-140	-27975	-1094	-9472
1321	2820	-20	-142	-27975	-1094	-9472
1326	-4433	1808	-484	-27975	-1094	-9472
1331	697	-203	14	-27975	-1094	-9472
1336	835	-199	-29	-22141	1195	8667
1341	918	-146	-36	-22141	1195	8667
1346	-11895	-8990	-1448	-22141	1195	8667
1351	711	-5539	-6539	-22141	1195	8667
1356	1560	-3925	-6659	-22141	1195	8667
1361	2100	-1164	-6967	-22141	1195	8667
1366	2273	1924	-5087	-64	-143	-2274
1371	2624	6049	-3012	-64	-143	-2274
1376	1579	6391	-1214	-64	-143	-2274
1381	297	5429	548	-64	-143	-2274
1386	-1002	4420	1455	-64	-143	-2274
1391	-2469	2910	3352	-64	-143	-2274
1396	-2609	1670	3999	-64	-143	-2274
1401	-1266	650	2715	1792	110	64
1406	-1329	117	728	1792	110	64
1411	-1323	11	-802	1792	110	64
1416	-780	283	-1723	1792	110	64
1421	-573	281	-2212	1792	110	64
1426	-309	322	-2325	1792	110	64
1431	-189	394	-2261	-1963	-71	133
1436	-143	787	-1713	-1963	-71	133
1441	-405	1167	-785	-1963	-71	133
1446	-58	1375	-280	-1963	-71	133
1451	-392	1451	-92	-1963	-71	133
1456	-572	1284	96	-1963	-71	133
1461	-437	1034	-3	-1589	140	1372
1466	-631	906	-226	-1589	140	1372
1471	-368	842	-418	-1589	140	1372
1476	-362	657	-431	-1589	140	1372
1481	-351	370	-347	-1589	140	1372
1486	-435	141	-157	-1589	140	1372
1491	-485	-232	196	8255	2158	2784
1496	-401	-534	537	8255	2158	2784
1501	-307	-755	654	8255	2158	2784
1506	-52	-481	635	8255	2158	2784
1511	-68	-477	437	8255	2158	2784
1516	475	-192	-114	8255	2158	2784
1521	865	251	-266	-1147	3162	4738
1526	1099	366	-415	-1147	3162	4738
1531	1201	169	-701	-1147	3162	4738
1536	1476	-213	-911	-1147	3162	4738
1541	1828	-553	-878	-1147	3162	4738
1546	2585	-337	-738	-1147	3162	4738
1551	2312	-413	-577	-1147	3162	4738
1556	2143	495	-384	-2542	1877	1722
1561	2489	1659	-762	-2542	1877	1722
1566	2695	2459	-1879	-2542	1877	1722
1571	2531	3509	-3533	-2542	1877	1722
1576	2183	4451	-4511	-2542	1877	1722
1581	2111	4471	-4255	-2542	1877	1722
1586	1921	4046	-3623	-1783	409	-1105
1591	2184	3919	-2966	-1783	409	-1105
1596	2474	3765	-2927	-1783	409	-1105
1601	2548	4089	-4033	-1783	409	-1105
1606	2441	4777	-5790	-1783	409	-1105
1611	2291	5196	-7129	-1783	409	-1105
1616	2129	5020	-7623	1071	-2413	-3204
1621	2040	4479	-6865	1071	-2413	-3204
1626	2076	4411	-5803	1071	-2413	-3204
1631	1987	4799	-4899	1071	-2413	-3204
1636	1835	5151	-4161	1071	-2413	-3204
1641	2047	5658	-4087	1071	-2413	-3204
1646	2267	5844	-4489	1604	-6614	-6770
1651	2550	5826	-5111	1604	-6614	-6770
1656	2695	5809	-5629	1604	-6614	-6770
1661	3007	5598	-5789	1604	-6614	-6770
1666	3442	4833	-5350	1604	-6614	-6770
1671	3766	4151	-4523	1604	-6614	-6770
1676	3992	3710	-3658	-4075	-8541	-9487
1681	4020	3248	-3220	-4075	-8541	-9487
1686	4223	2924	-2747	-4075	-8541	-9487
1691	4268	2474	-2232	-4075	-8541	-9487
1696	4006	1992	-1705	-4075	-8541	-9487
1701	3903	1605	-1401	-4075	-8541	-9487
1706	3779	921	-1108	-4075	-8541	-9487
1711	2689	1	-349	-5591	-5166	-11881
1716	2234	-108	-147	-5591	-5166	-11881
1721	2104	-87	-113	-5591	-5166	-11881
1726	2047	-80	-118	-5591	-5166	-11881
1731	2046	-76	-110	-5591	-5166	-11881
1736	2037	-78	-124	-5591	-5166	-11881
1741	2027	-70	-119	-6239	-405	-12991
1746	2015	-67	-108	-6239	-405	-12991
1751	2011	-65	-144	-6239	-405	-12991
1756	2011	-62	-138	-6239	-405	-12991
1761	1998	-60	-152	-6239	-405	-12991
1766	2000	-48	-136	-6239	-405	-12991
1771	1994	-38	-145	-5733	4539	-12178
1776	1989	-33	-154	-5733	4539	-12178
1781	1986	-20	-145	-5733	4539	-12178
1786	1981	-18	-158	-5733	4539	-12178
1791	1981	-13	-154	-5733	4539	-12178
1796	1988	-17	-147	-5733	4539	-12178
1801	1977	-5	-139	-4375	8123	-10255
1806	1977	14	-145	-4375	8123	-10255
1811	1978	14	-155	-4375	8123	-10255
1816	1983	16	-172	-4375	8123	-10255
1821	1984	30	-152	-4375	8123	-10255
1826	1989	30	-149	-4375	8123	-10255
1831	1992	31	-161	-2728	10178	-7965
1836	1998	37	-150	-2728	10178	-7965
1841	1988	30	-151	-2728	10178	-7965
1846	2003	41	-147	-2728	10178	-7965
1851	2008	37	-139	-2728	10178	-7965
1856	2004	43	-123	-2728	10178	-7965
1861	2008	35	-130	-2728	10178	-7965
1866	2024	43	-108	-1293	11042	-6749
1871	2019	45	-110	-1293	11042	-6749
1876	2010	36	-100	-1293	11042	-6749
1881	2024	35	-97	-1293	11042	-6749
1886	2027	42	-112	-1293	11042	-6749
1891	2026	32	-100	-1293	11042	-6749
1896	2014	43	-108	-223	11248	-6181
1901	2021	35	-96	-223	11248	-6181
1906	2019	26	-93	-223	11248	-6181
1911	2004	15	-74	-223	11248	-6181
1916	2004	22	-75	-223	11248	-6181
1921	1995	17	-65	-223	11248	-6181
1926	1995	18	-64	-25476	-10309	2164
1931	1971	23	-71	-25476	-10309	2164
1936	1974	26	-95	-25476	-10309	2164
1941	-3505	-1373	-1719	-25476	-10309	2164
1946	1582	-434	109	-25476	-10309	2164
1951	-1181	6505	9428	-25476	-10309	2164
1956	-7460	4837	14674	-6486	2134	-2346
1961	619	62	4447	-6486	2134	-2346
1966	1607	-1342	5857	-6486	2134	-2346
1971	1978	-1521	6096	-6486	2134	-2346
1976	3946	-6652	3459	-6486	2134	-2346
1981	2769	-4313	330	-6486	2134	-2346
1986	475	-5942	-100	-2202	-1935	1969
1991	893	-6950	-2510	-2202	-1935	1969
1996	421	-6383	-3453	-2202	-1935	1969
2001	528	-4847	-2992	-2202	-1935	1969
2006	41	-3809	-1511	-2202	-1935	1969
2011	11	-2639	-212	-2202	-1935	1969
2016	221	-1895	1623	-2202	-1935	1969
2021	344	-2334	3093	95	2019	2037
2026	631	-3662	3692	95	2019	2037
2031	580	-3766	3406	95	2019	2037
2036	327	-3004	2933	95	2019	2037
2041	328	-2642	1212	95	2019	2037
2046	167	-1996	-402	95	2019	2037
2051	390	-1393	-1079	-220	370	3084
2056	84	-1932	-1334	-220	370	3084
2061	-77	-2588	-1089	-220	370	3084
2066	-116	-3003	-713	-220	370	3084
2071	-152	-2293	-79	-220	370	3084
2076	-520	-1888	476	-220	370	3084
2081	-155	-1452	451	-3564	13	806
2086	-176	-1072	562	-3564	13	806
2091	-151	-588	103	-3564	13	806
2096	-300	-261	-341	-3564	13	806
2101	-536	43	-694	-3564	13	806
2106	-579	187	-828	-3564	13	806
2111	-729	204	-791	995	-707	-2639
2116	-661	201	-589	995	-707	-2639
2121	-733	203	-455	995	-707	-2639
2126	-350	1	-517	995	-707	-2639
2131	-200	-3	-642	995	-707	-2639
2136	12	217	-713	995	-707	-2639
2141	195	79	-773	2787	-1703	-2069
2146	315	-343	-600	2787	-1703	-2069
2151	580	-624	-233	2787	-1703	-2069
2156	646	-1139	655	2787	-1703	-2069
2161	749	-1120	659	2787	-1703	-2069
2166	1010	-1270	1083	2787	-1703	-2069
2171	837	-1210	1376	2787	-1703	-2069
2176	362	-823	1428	1402	-290	-4920
2181	71	-56	1111	1402	-290	-4920
2186	286	390	646	1402	-290	-4920
2191	549	669	282	1402	-290	-4920
2196	1089	900	-150	1402	-290	-4920
2201	1643	1026	-489	1402	-290	-4920
2206	2003	926	-815	466	-1341	-6245
2211	2122	206	-580	466	-1341	-6245
2216	2334	-812	-54	466	-1341	-6245
2221	2302	-1730	1101	466	-1341	-6245
2226	2841	-2234	1123	466	-1341	-6245
2231	3049	-2947	1504	466	-1341	-6245
2236	2954	-4002	1783	-835	-1035	39
2241	2967	-5263	1806	-835	-1035	39
2246	2788	-6415	1643	-835	-1035	39
2251	2500	-7175	1086	-835	-1035	39
2256	2474	-7699	943	-835	-1035	39
2261	2296	-8082	1657	-835	-1035	39
2266	2117	-7985	2572	1750	1162	2917
2271	2114	-7597	3197	1750	1162	2917
2276	2158	-6887	3519	1750	1162	2917
2281	2268	-6293	3291	1750	1162	2917
2286	2282	-6188	2782	1750	1162	2917
2291	2371	-6465	2382	1750	1162	2917
2296	2543	-7292	2438	1742	4321	9046
2301	2721	-8179	2983	1742	4321	9046
2306	2917	-8085	3451	1742	4321	9046
2311	3529	-7558	3380	1742	4321	9046
2316	3882	-6840	3007	1742	4321	9046
2321	4138	-5975	2525	1742	4321	9046
2326	4131	-4795	2083	1742	4321	9046
2331	4796	-4034	1366	205	6872	11407
2336	5081	-3208	919	205	6872	11407
2341	5097	-2630	751	205	6872	11407
2346	4617	-2026	819	205	6872	11407
2351	4370	-1296	608	205	6872	11407
2356	2980	-466	145	205	6872	11407
2361	2452	-100	-92	-1625	6452	11996
2366	2258	-20	-113	-1625	6452	11996
2371	2239	-33	-105	-1625	6452	11996
2376	2240	-27	-113	-1625	6452	11996
2381	2235	-28	-104	-1625	6452	11996
2386	2239	-35	-82	-1625	6452	11996
2391	2233	-32	-94	-2875	4699	12631
2396	2235	-35	-95	-2875	4699	12631
2401	2229	-39	-85	-2875	4699	12631
2406	2234	-36	-106	-2875	4699	12631
2411	2232	-39	-95	-2875	4699	12631
2416	2233	-31	-90	-2875	4699	12631
2421	2223	-23	-104	-3626	2108	13369
2426	2226	-26	-92	-3626	2108	13369
2431	2215	-32	-105	-3626	2108	13369
2436	2220	-32	-100	-3626	2108	13369
2441	2221	-18	-92	-3626	2108	13369
2446	2222	-24	-102	-3626	2108	13369
2451	2220	-21	-96	-3718	-995	13413
2456	2216	-32	-113	-3718	-995	13413
2461	2227	-15	-93	-3718	-995	13413
2466	2224	-26	-105	-3718	-995	13413
2471	2218	-21	-106	-3718	-995	13413
2476	2219	-24	-108	-3718	-995	13413
2481	2227	-18	-100	-3718	-995	13413
2486	2213	-17	-88	-3074	-3655	12875
2491	2223	-13	-103	-3074	-3655	12875
2496	2230	-31	-72	-3074	-3655	12875
2501	2210	-16	-110	-3074	-3655	12875
2506	2221	-20	-110	-3074	-3655	12875
2511	2227	-19	-123	-3074	-3655	12875
2516	2219	-11	-113	-2011	-5594	12238
2521	2223	-23	-122	-2011	-5594	12238
2526	2214	-20	-116	-2011	-5594	12238
2531	2221	-21	-129	-2011	-5594	12238
2536	2206	-23	-137	-2011	-5594	12238
2541	2213	-13	-122	-2011	-5594	12238
2546	2209	-19	-140	-25264	-5207	5002
2551	2200	-20	-141	-25264	-5207	5002
2556	2191	-13	-141	-25264	-5207	5002
2561	1903	-7144	-71	-25264	-5207	5002
2566	3311	-2870	-846	-25264	-5207	5002
2571	4326	-12188	-3923	-25264	-5207	5002
2576	562	-3688	-154	-6075	1770	-1861
2581	927	531	-2128	-6075	1770	-1861
2586	439	1801	-1759	-6075	1770	-1861
2591	-1273	2448	655	-6075	1770	-1861
2596	-1622	1520	1613	-6075	1770	-1861
2601	-1500	267	1944	-6075	1770	-1861
2606	121	-3107	1027	1028	2195	1142
2611	-3165	-2615	758	1028	2195	1142
2616	-1669	-296	-1215	1028	2195	1142
2621	-274	642	-2322	1028	2195	1142
2626	-598	-638	-2005	1028	2195	1142
2631	-683	-1003	-1807	1028	2195	1142
2636	-456	-688	-1832	1028	2195	1142
2641	-567	271	-1490	-4017	3627	-1596
2646	-617	1048	-362	-4017	3627	-1596
2651	-378	1248	785	-4017	3627	-1596
2656	-246	1236	1147	-4017	3627	-1596
2661	-47	1161	561	-4017	3627	-1596
2666	186	888	-367	-4017	3627	-1596
2671	472	284	-1043	-12937	2900	1858
2676	629	-363	-1066	-12937	2900	1858
2681	684	-339	-1296	-12937	2900	1858
2686	533	-462	-1327	-12937	2900	1858
2691	109	-416	-1201	-12937	2900	1858
2696	-79	-288	-1075	-12937	2900	1858
2701	89	-244	-1089	-1211	3272	2522
2706	505	-32	-1527	-1211	3272	2522
2711	931	676	-1646	-1211	3272	2522
2716	2032	1645	188	-1211	3272	2522
2721	3441	2419	924	-1211	3272	2522
2726	4407	3543	1414	-1211	3272	2522
2731	1504	2530	234	-2416	1225	1810
2736	1927	2563	-1340	-2416	1225	1810
2741	2431	2988	-3066	-2416	1225	1810
2746	2276	3067	-3606	-2416	1225	1810
2751	1929	2857	-3567	-2416	1225	1810
2756	1687	2488	-2894	-2416	1225	1810
2761	1640	2165	-1975	-1590	2166	3439
2766	1819	2162	-1106	-1590	2166	3439
2771	2047	2376	-630	-1590	2166	3439
2776	2132	2854	-665	-1590	2166	3439
2781	2049	3124	-1303	-1590	2166	3439
2786	2521	3561	-1745	-1590	2166	3439
2791	3175	4685	-2092	-1590	2166	3439
2796	3302	6232	-2376	437	-1841	-566
2801	2503	6403	-3134	437	-1841	-566
2806	1623	5246	-3500	437	-1841	-566
2811	2108	4339	-3128	437	-1841	-566
2816	2165	4082	-2529	437	-1841	-566
2821	2075	4347	-1798	437	-1841	-566
2826	2069	4927	-1297	1129	-884	-3764
2831	2121	5382	-1026	1129	-884	-3764
2836	2052	5380	-973	1129	-884	-3764
2841	2093	5308	-978	1129	-884	-3764
2846	2355	5399	-954	1129	-884	-3764
2851	2659	5491	-1095	1129	-884	-3764
2856	2848	5666	-1515	-693	-3536	-8434
2861	3072	6162	-2085	-693	-3536	-8434
2866	3304	6557	-2704	-693	-3536	-8434
2871	3567	6240	-3019	-693	-3536	-8434
2876	3811	5586	-2952	-693	-3536	-8434
2881	3858	5146	-2550	-693	-3536	-8434
2886	3967	4885	-2099	-2	-5930	-13038
2891	4249	4709	-1815	-2	-5930	-13038
2896	4706	4726	-1784	-2	-5930	-13038
2901	5022	4499	-2171	-2	-5930	-13038
2906	5622	4344	-2251	-2	-5930	-13038
2911	5085	3145	-1704	-2	-5930	-13038
2916	4171	1047	-627	-720	-6260	-13836
2921	3023	-148	6	-720	-6260	-13836
2926	2811	-90	-86	-720	-6260	-13836
2931	2794	-70	-89	-720	-6260	-13836
2936	2780	-70	-89	-720	-6260	-13836
2941	2777	-75	-102	-720	-6260	-13836
2946	2782	-72	-106	-720	-6260	-13836
2951	2771	-69	-101	-2054	-5063	-14223
2956	2767	-67	-102	-2054	-5063	-14223
2961	2765	-65	-104	-2054	-5063	-14223
2966	2755	-67	-102	-2054	-5063	-14223
2971	2757	-67	-117	-2054	-5063	-14223
2976	2747	-66	-117	-2054	-5063	-14223
2981	2752	-76	-119	-3003	-2529	-14881
2986	2746	-69	-110	-3003	-2529	-14881
2991	2728	-70	-118	-3003	-2529	-14881
2996	2730	-67	-122	-3003	-2529	-14881
3001	2733	-69	-129	-3003	-2529	-14881
3006	2719	-65	-129	-3003	-2529	-14881
3011	2721	-67	-126	-3190	430	-14859
3016	2712	-59	-128	-3190	430	-14859
3021	2710	-60	-136	-3190	430	-14859
3026	2702	-53	-142	-3190	430	-14859
3031	2701	-48	-155	-3190	430	-14859
3036	2697	-45	-139	-3190	430	-14859
3041	2695	-45	-137	-2557	3182	-14696
3046	2693	-37	-141	-2557	3182	-14696
3051	2694	-27	-141	-2557	3182	-14696
3056	2697	-28	-147	-2557	3182	-14696
3061	2690	-23	-142	-2557	3182	-14696
3066	2695	-18	-132	-2557	3182	-14696
3071	2689	-12	-143	-1403	5054	-13886
3076	2699	-10	-127	-1403	5054	-13886
3081	2696	-11	-133	-1403	5054	-13886
3086	2691	-1	-140	-1403	5054	-13886
3091	2695	0	-123	-1403	5054	-13886
3096	2684	-9	-115	-1403	5054	-13886
3101	2691	-7	-119	-1403	5054	-13886
3106	2682	-4	-131	-8704	-1339	7457
3111	2684	-10	-114	-8704	-1339	7457
3116	2679	-8	-129	-8704	-1339	7457
3121	2676	-12	-131	-8704	-1339	7457
3126	-16567	-2008	-1709	-8704	-1339	7457
3131	-2288	-1727	-1061	-8704	-1339	7457
3136	-221	2409	1773	-2392	-2834	-2528
3141	457	663	521	-2392	-2834	-2528
3146	-2430	1264	5886	-2392	-2834	-2528
3151	-3625	1678	2140	-2392	-2834	-2528
3156	-4164	7461	507	-2392	-2834	-2528
3161	-1243	8075	-2558	-2392	-2834	-2528
3166	2862	5186	-741	-1446	51	-269
3171	630	1707	1475	-1446	51	-269
3176	-151	-1365	3941	-1446	51	-269
3181	-1015	-1527	4197	-1446	51	-269
3186	-1454	-644	3167	-1446	51	-269
3191	-1382	88	2293	-1446	51	-269
3196	-1571	-4	1482	-1582	-133	1211
3201	-1649	-520	1316	-1582	-133	1211
3206	-1634	-747	1239	-1582	-133	1211
3211	-1239	-811	1236	-1582	-133	1211
3216	-1275	-440	869	-1582	-133	1211
3221	-962	181	911	-1582	-133	1211
3226	-716	678	1014	-2101	-1600	563
3231	-594	919	846	-2101	-1600	563
3236	-415	974	413	-2101	-1600	563
3241	-329	975	-143	-2101	-1600	563
3246	-210	820	-562	-2101	-1600	563
3251	-106	625	-978	-2101	-1600	563
3256	42	681	-1155	-2101	-1600	563
3261	206	613	-938	-4558	-3465	-692
3266	323	713	-555	-4558	-3465	-692
3271	176	911	6	-4558	-3465	-692
3276	-65	955	422	-4558	-3465	-692
3281	141	929	669	-4558	-3465	-692
3286	387	650	854	-4558	-3465	-692
3291	443	112	1027	3166	-3519	1841
3296	417	-573	1571	3166	-3519	1841
3301	213	-916	1581	3166	-3519	1841
3306	442	-1768	1314	3166	-3519	1841
3311	633	-1983	1291	3166	-3519	1841
3316	611	-1781	1265	3166	-3519	1841
3321	1315	-1380	1150	1023	-3247	4192
3326	1227	-824	1291	1023	-3247	4192
3331	1577	186	1438	1023	-3247	4192
3336	1683	939	1506	1023	-3247	4192
3341	1870	1404	1225	1023	-3247	4192
3346	1838	2430	1223	1023	-3247	4192
3351	1534	3124	1718	873	-1166	1893
3356	1567	3154	3177	873	-1166	1893
3361	1651	2238	4118	873	-1166	1893
3366	1929	1469	4103	873	-1166	1893
3371	1800	1927	3286	873	-1166	1893
3376	2166	2634	2588	873	-1166	1893
3381	2521	3222	2227	4323	-743	17
3386	2627	4387	1660	4323	-743	17
3391	2650	4918	1927	4323	-743	17
3396	2248	4080	2969	4323	-743	17
3401	2077	2537	4170	4323	-743	17
3406	1981	1825	4988	4323	-743	17
3411	1502	2795	5125	4323	-743	17
3416	1588	3862	4381	14898	-667	-2964
3421	1509	4087	3204	14898	-667	-2964
3426	1406	3959	2151	14898	-667	-2964
3431	1354	2993	1227	14898	-667	-2964
3436	1037	2099	546	14898	-667	-2964
3441	622	1892	212	14898	-667	-2964
3446	508	2078	258	7073	-2165	-3326
3451	318	1621	-242	7073	-2165	-3326
3456	169	1649	-589	7073	-2165	-3326
3461	233	1884	-876	7073	-2165	-3326
3466	484	1918	-869	7073	-2165	-3326
3471	323	1274	-628	7073	-2165	-3326
3476	285	738	-458	-3423	-500	-610
3481	554	807	-603	-3423	-500	-610
3486	908	725	-713	-3423	-500	-610
3491	1061	222	-551	-3423	-500	-610
3496	1146	-237	-194	-3423	-500	-610
3501	912	-372	482	-3423	-500	-610
3506	380	-375	714	-366	1884	3219
3511	20	-272	540	-366	1884	3219
3516	7	-406	194	-366	1884	3219
3521	284	-673	-133	-366	1884	3219
3526	426	-621	-384	-366	1884	3219
3531	789	-328	-570	-366	1884	3219
3536	966	-287	-605	502	2112	3442
3541	976	-88	-652	502	2112	3442
3546	1225	413	-647	502	2112	3442
3551	1615	932	-653	502	2112	3442
3556	1718	1349	-844	502	2112	3442
3561	1447	1496	-1389	502	2112	3442
3566	1208	1878	-2032	502	2112	3442
3571	1361	2725	-2631	-1210	-437	-789
3576	1536	3928	-3102	-1210	-437	-789
3581	1612	4928	-3403	-1210	-437	-789
3586	1730	5382	-3448	-1210	-437	-789
3591	1672	5608	-3328	-1210	-437	-789
3596	1619	5859	-3103	-1210	-437	-789
3601	1676	6105	-3063	-718	-2334	-5016
3606	1756	6317	-3203	-718	-2334	-5016
3611	1796	6375	-3498	-718	-2334	-5016
3616	2033	6519	-3818	-718	-2334	-5016
3621	2303	6578	-4008	-718	-2334	-5016
3626	2528	6499	-4076	-718	-2334	-5016
3631	2708	6369	-4002	1540	-5671	-9512
3636	2712	6301	-3977	1540	-5671	-9512
3641	2730	6055	-3721	1540	-5671	-9512
3646	2870	5839	-3428	1540	-5671	-9512
3651	3243	5836	-3215	1540	-5671	-9512
3656	3776	5539	-3046	1540	-5671	-9512
3661	4265	4825	-3007	-1251	-7528	-12637
3666	4624	3692	-2501	-1251	-7528	-12637
3671	4849	2531	-1626	-1251	-7528	-12637
3676	4148	1592	-1098	-1251	-7528	-12637
3681	2903	98	-360	-1251	-7528	-12637
3686	2644	-117	-35	-1251	-7528	-12637
3691	2597	-90	-64	-2870	-5762	-13420
3696	2602	-75	-94	-2870	-5762	-13420
3701	2593	-82	-82	-2870	-5762	-13420
3706	2589	-80	-104	-2870	-5762	-13420
3711	2584	-78	-106	-2870	-5762	-13420
3716	2583	-89	-119	-2870	-5762	-13420
3721	2580	-80	-116	-2870	-5762	-13420
3726	2570	-78	-119	-3844	-2759	-14282
3731	2576	-83	-119	-3844	-2759	-14282
3736	2558	-81	-119	-3844	-2759	-14282
3741	2556	-76	-128	-3844	-2759	-14282
3746	2552	-73	-139	-3844	-2759	-14282
3751	2545	-70	-126	-3844	-2759	-14282
3756	2547	-65	-132	-4038	951	-14487
3761	2535	-65	-140	-4038	951	-14487
3766	2530	-63	-142	-4038	951	-14487
3771	2522	-56	-151	-4038	951	-14487
3776	2531	-62	-148	-4038	951	-14487
3781	2520	-48	-141	-4038	951	-14487
3786	2515	-49	-149	-3234	4247	-13921
3791	2516	-49	-144	-3234	4247	-13921
3796	2514	-40	-144	-3234	4247	-13921
3801	2499	-30	-160	-3234	4247	-13921
3806	2515	-19	-149	-3234	4247	-13921
3811	2511	-17	-167	-3234	4247	-13921
3816	2513	-9	-146	-1771	6365	-12845
3821	2514	-5	-154	-1771	6365	-12845
3826	2524	-3	-136	-1771	6365	-12845
3831	2512	7	-139	-1771	6365	-12845
3836	2524	1	-155	-1771	6365	-12845
3841	2520	11	-145	-1771	6365	-12845
3846	2520	5	-121	-191	7241	-12449
3851	2521	7	-138	-191	7241	-12449
3856	2520	14	-127	-191	7241	-12449
3861	2523	6	-125	-191	7241	-12449
3866	2518	5	-117	-191	7241	-12449
3871	2514	0	-127	-191	7241	-12449
3876	2521	2	-128	-191	7241	-12449
3881	2510	3	-120	-4447	-4312	4997
3886	2437	-61	-85	-4447	-4312	4997
3891	-3102	1691	-1281	-4447	-4312	4997
3896	337	1832	1341	-4447	-4312	4997
3901	1202	1030	566	-4447	-4312	4997
3906	520	2155	2540	-4447	-4312	4997
3911	-1474	2807	2099	-2396	-1539	-3335
3916	-3444	7453	2866	-2396	-1539	-3335
3921	-1841	5732	1376	-2396	-1539	-3335
3926	226	3478	1286	-2396	-1539	-3335
3931	-101	1444	1756	-2396	-1539	-3335
3936	-741	-1466	2366	-2396	-1539	-3335
3941	-1254	-3640	2123	-2323	-1820	2542
3946	-1759	-3449	1245	-2323	-1820	2542
3951	-1956	-2827	194	-2323	-1820	2542
3956	-1592	-2037	165	-2323	-1820	2542
3961	-1055	-1179	985	-2323	-1820	2542
3966	-639	-282	1599	-2323	-1820	2542
3971	-470	391	1571	-11003	430	587
3976	-206	947	1300	-11003	430	587
3981	-168	1221	1329	-11003	430	587
3986	-330	1069	1739	-11003	430	587
3991	-846	674	2007	-11003	430	587
3996	-1110	351	1603	-11003	430	587
4001	-990	-89	987	-4128	-2502	-2366
4006	-715	-437	385	-4128	-2502	-2366
4011	-119	-346	101	-4128	-2502	-2366
4016	622	-140	160	-4128	-2502	-2366
4021	1834	17	8	-4128	-2502	-2366
4026	2469	334	689	-4128	-2502	-2366
4031	2167	-328	1398	-4128	-2502	-2366
4036	1104	-1031	2120	-7223	-347	-2150
4041	289	-1343	2207	-7223	-347	-2150
4046	-179	-1586	1676	-7223	-347	-2150
4051	228	-1385	1028	-7223	-347	-2150
4056	880	-1012	396	-7223	-347	-2150
4061	1222	-802	14	-7223	-347	-2150
4066	1506	-761	-118	-2397	-363	-4760
4071	1695	-781	-128	-2397	-363	-4760
4076	1843	-689	-61	-2397	-363	-4760
4081	2109	-679	119	-2397	-363	-4760
4086	1989	-764	417	-2397	-363	-4760
4091	1474	-876	725	-2397	-363	-4760
4096	1470	-1448	858	-584	-599	-3556
4101	1623	-1904	957	-584	-599	-3556
4106	2221	-2568	530	-584	-599	-3556
4111	2787	-3351	-91	-584	-599	-3556
4116	2752	-4071	-230	-584	-599	-3556
4121	2308	-4301	296	-584	-599	-3556
4126	1877	-4298	811	1025	-1044	-448
4131	1748	-4491	925	1025	-1044	-448
4136	1549	-4785	669	1025	-1044	-448
4141	1913	-5151	68	1025	-1044	-448
4146	2431	-5346	-299	1025	-1044	-448
4151	2659	-5426	-156	1025	-1044	-448
4156	2586	-5533	339	319	818	3084
4161	2367	-5814	1236	319	818	3084
4166	2253	-5931	1794	319	818	3084
4171	2296	-5827	1879	319	818	3084
4176	2323	-5788	1451	319	818	3084
4181	2371	-5749	900	319	818	3084
4186	2830	-5796	397	319	818	3084
4191	3068	-5780	111	-322	999	7646
4196	3160	-6012	114	-322	999	7646
4201	3261	-6321	512	-322	999	7646
4206	3398	-6583	1040	-322	999	7646
4211	3511	-6662	1451	-322	999	7646
4216	3586	-6409	1579	-322	999	7646
4221	3709	-5807	1288	1959	2830	11416
4226	3682	-5054	831	1959	2830	11416
4231	4023	-4717	463	1959	2830	11416
4236	4660	-4191	162	1959	2830	11416
4241	4941	-3366	10	1959	2830	11416
4246	4902	-2501	-186	1959	2830	11416
4251	4146	-1431	73	1089	4874	13568
4256	3592	-486	276	1089	4874	13568
4261	2906	157	-81	1089	4874	13568
4266	2572	-10	-121	1089	4874	13568
4271	2510	-61	-119	1089	4874	13568
4276	2514	-49	-115	1089	4874	13568
4281	2519	-55	-115	-203	5338	13397
4286	2510	-60	-110	-203	5338	13397
4291	2505	-59	-121	-203	5338	13397
4296	2495	-60	-119	-203	5338	13397
4301	2498	-63	-120	-203	5338	13397
4306	2493	-60	-92	-203	5338	13397
4311	2500	-64	-99	-1443	4803	13548
4316	2497	-68	-90	-1443	4803	13548
4321	2506	-59	-121	-1443	4803	13548
4326	2502	-57	-94	-1443	4803	13548
4331	2505	-51	-99	-1443	4803	13548
4336	2496	-64	-97	-1443	4803	13548
4341	2497	-49	-99	-1443	4803	13548
4346	2495	-47	-94	-2392	3241	13871
4351	2493	-45	-89	-2392	3241	13871
4356	2492	-46	-96	-2392	3241	13871
4361	2492	-47	-112	-2392	3241	13871
4366	2492	-46	-86	-2392	3241	13871
4371	2487	-49	-101	-2392	3241	13871
4376	2485	-52	-105	-2821	984	14076
4381	2482	-54	-99	-2821	984	14076
4386	2478	-51	-95	-2821	984	14076
4391	2485	-47	-93	-2821	984	14076
4396	2484	-48	-108	-2821	984	14076
4401	2479	-55	-106	-2821	984	14076
4406	2494	-52	-116	-2762	-1445	14196
4411	2485	-57	-103	-2762	-1445	14196
4416	2485	-53	-118	-2762	-1445	14196
4421	2481	-51	-108	-2762	-1445	14196
4426	2482	-49	-104	-2762	-1445	14196
4431	2489	-57	-121	-2762	-1445	14196
4436	2474	-59	-115	-2189	-3414	13586
4441	2480	-53	-116	-2189	-3414	13586
4446	2476	-51	-124	-2189	-3414	13586
4451	2472	-62	-128	-2189	-3414	13586
4456	2464	-53	-121	-2189	-3414	13586
4461	2464	-40	-118	-2189	-3414	13586
4466	2450	-53	-120	-8763	11824	-2709
4471	2450	-44	-128	-8763	11824	-2709
4476	-1728	6380	-421	-8763	11824	-2709
4481	-2760	-2683	1276	-8763	11824	-2709
4486	-334	-5089	-566	-8763	11824	-2709
4491	567	-1343	-930	-8763	11824	-2709
4496	1196	-2461	-1819	-8763	11824	-2709
4501	1067	-3938	-3879	-3354	-573	4398
4506	1678	-4205	-4902	-3354	-573	4398
4511	2223	-3545	-5743	-3354	-573	4398
4516	1150	-2334	-6079	-3354	-573	4398
4521	725	-56	-5889	-3354	-573	4398
4526	457	4129	-4847	-3354	-573	4398
4531	-242	5748	-3305	1153	1985	-2974
4536	-522	4648	-1625	1153	1985	-2974
4541	-593	3384	-691	1153	1985	-2974
4546	-400	2199	-337	1153	1985	-2974
4551	-108	941	-612	1153	1985	-2974
4556	122	100	-1017	1153	1985	-2974
4561	267	-297	-1159	-7246	1700	78
4566	545	-466	-1291	-7246	1700	78
4571	964	-698	-1798	-7246	1700	78
4576	962	-888	-2501	-7246	1700	78
4581	645	-773	-3098	-7246	1700	78
4586	147	-358	-3175	-7246	1700	78
4591	-174	-41	-2860	-4428	764	1486
4596	-15	178	-2251	-4428	764	1486
4601	369	223	-1632	-4428	764	1486
4606	549	411	-1269	-4428	764	1486
4611	768	514	-1048	-4428	764	1486
4616	1211	569	-965	-4428	764	1486
4621	1666	847	-972	-5226	1417	-500
4626	1964	1542	-857	-5226	1417	-500
4631	1666	2099	-998	-5226	1417	-500
4636	735	2082	-1360	-5226	1417	-500
4641	348	1616	-1113	-5226	1417	-500
4646	621	1066	-962	-5226	1417	-500
4651	1173	791	-880	-5226	1417	-500
4656	1681	498	-933	-3272	-576	4252
4661	2204	-149	-1380	-3272	-576	4252
4666	2191	-257	-1963	-3272	-576	4252
4671	1635	317	-2340	-3272	-576	4252
4676	1589	734	-2344	-3272	-576	4252
4681	1217	1388	-2075	-3272	-576	4252
4686	1385	2060	-1413	-1333	787	2317
4691	1984	2335	-712	-1333	787	2317
4696	2411	2470	-408	-1333	787	2317
4701	2715	2668	-475	-1333	787	2317
4706	2438	3337	-883	-1333	787	2317
4711	2091	4289	-1555	-1333	787	2317
4716	2360	5068	-2215	-806	-823	-1549
4721	2338	5679	-2662	-806	-823	-1549
4726	1866	5003	-2726	-806	-823	-1549
4731	2128	4535	-2595	-806	-823	-1549
4736	2231	4346	-2233	-806	-823	-1549
4741	2435	4530	-1975	-806	-823	-1549
4746	2472	4941	-2059	559	-1072	-5739
4751	2531	5407	-2224	559	-1072	-5739
4756	2621	5796	-2254	559	-1072	-5739
4761	2893	6238	-2032	559	-1072	-5739
4766	3204	6285	-1904	559	-1072	-5739
4771	3362	6091	-2019	559	-1072	-5739
4776	3584	5910	-2284	-1791	-4290	-8616
4781	3823	5900	-2715	-1791	-4290	-8616
4786	4007	5509	-2999	-1791	-4290	-8616
4791	3944	4677	-3079	-1791	-4290	-8616
4796	3924	3590	-2696	-1791	-4290	-8616
4801	3821	2845	-1999	-1791	-4290	-8616
4806	3553	2340	-1449	-1791	-4290	-8616
4811	3486	2075	-976	-4114	-3368	-13110
4816	3240	1941	-778	-4114	-3368	-13110
4821	3204	1788	-808	-4114	-3368	-13110
4826	3250	1240	-760	-4114	-3368	-13110
4831	3479	123	-354	-4114	-3368	-13110
4836	2818	-324	177	-4114	-3368	-13110
4841	2600	-164	-58	-3720	-178	-14510
4846	2546	-120	-115	-3720	-178	-14510
4851	2691	-61	-104	-3720	-178	-14510
4856	2670	-50	-130	-3720	-178	-14510
4861	2598	-62	-136	-3720	-178	-14510
4866	2581	-61	-141	-3720	-178	-14510
4871	2583	-50	-151	-3228	3137	-14305
4876	2586	-42	-145	-3228	3137	-14305
4881	2574	-35	-135	-3228	3137	-14305
4886	2581	-32	-141	-3228	3137	-14305
4891	2574	-30	-141	-3228	3137	-14305
4896	2570	-24	-151	-3228	3137	-14305
4901	2577	-28	-153	-2020	5545	-13596
4906	2578	-16	-157	-2020	5545	-13596
4911	2574	-15	-145	-2020	5545	-13596
4916	2578	-19	-156	-2020	5545	-13596
4921	2577	-21	-163	-2020	5545	-13596
4926	2582	-13	-146	-2020	5545	-13596
4931	2587	-7	-141	-404	6631	-12913
4936	2578	-5	-172	-404	6631	-12913
4941	2590	-12	-150	-404	6631	-12913
4946	2590	-4	-150	-404	6631	-12913
4951	2586	-6	-154	-404	6631	-12913
4956	2587	-6	-147	-404	6631	-12913
4961	2590	-13	-138	-404	6631	-12913
4966	2599	-15	-134	1167	6312	-13161
4971	2593	-4	-131	1167	6312	-13161
4976	2595	-7	-128	1167	6312	-13161
4981	2601	-3	-127	1167	6312	-13161
4986	2606	-6	-116	1167	6312	-13161
4991	2603	1	-124	1167	6312	-13161
4996	2596	-8	-126	7756	4997	-16844
5001	2593	-3	-115	7756	4997	-16844
5006	2584	-4	-114	7756	4997	-16844
5011	2588	-10	-104	7756	4997	-16844
5016	2574	-18	-97	7756	4997	-16844
5021	2573	-8	-99	7756	4997	-16844
5026	3268	3614	541	-6094	1885	3062
5031	-1951	-2929	-1819	-6094	1885	3062
5036	-475	955	590	-6094	1885	3062
5041	-77	91	-159	-6094	1885	3062
5046	167	-20	-684	-6094	1885	3062
5051	1086	484	-937	-6094	1885	3062
5062	-1411	2113	525	-4120	812	1108
5066	-957	2904	646	-4120	812	1108
5071	257	3452	1002	-4120	812	1108
5076	465	3302	573	-4120	812	1108
5081	-69	2766	-86	-4120	812	1108
5086	20	1999	-426	1113	-530	2090
5091	290	1065	-459	1113	-530	2090
5096	372	1246	-226	1113	-530	2090
5101	60	1550	405	1113	-530	2090
5106	420	819	527	1113	-530	2090
5111	566	171	-204	1113	-530	2090
5116	234	35	-701	1113	-530	2090
5121	254	487	-896	7959	-533	3018
5126	425	699	-850	7959	-533	3018
5131	660	803	-675	7959	-533	3018
5136	849	713	-410	7959	-533	3018
5141	983	316	-98	7959	-533	3018
5146	845	22	499	7959	-533	3018
5151	428	-80	423	2205	4960	5421
5156	533	105	606	2205	4960	5421
5161	2163	763	721	2205	4960	5421
5166	3139	1343	583	2205	4960	5421
5171	4041	2943	-237	2205	4960	5421
5176	4174	4361	-879	2205	4960	5421
5181	3826	5386	-1835	567	1443	-663
5186	3101	5280	-2736	567	1443	-663
5191	2511	4632	-3342	567	1443	-663
5196	2351	3828	-3324	567	1443	-663
5201	2771	3290	-3050	567	1443	-663
5206	3232	3163	-2962	567	1443	-663
5211	2806	3172	-3141	345	-406	-516
5216	2414	3131	-3209	345	-406	-516
5221	2227	2755	-3111	345	-406	-516
5226	2115	2372	-2710	345	-406	-516
5231	2175	2174	-2158	345	-406	-516
5236	2296	2169	-1779	345	-406	-516
5241	2490	2353	-1698	602	-2304	-1766
5246	2440	2575	-1981	602	-2304	-1766
5251	2320	2629	-2492	602	-2304	-1766
5256	2432	2974	-2909	602	-2304	-1766
5261	2440	3514	-3060	602	-2304	-1766
5266	2566	3980	-2805	602	-2304	-1766
5271	2835	4362	-2359	602	-2304	-1766
5276	2899	4260	-2131	-221	-4351	-4772
5281	3490	4446	-2425	-221	-4351	-4772
5286	3514	4444	-2948	-221	-4351	-4772
5291	3429	4218	-3334	-221	-4351	-4772
5296	3466	3762	-3368	-221	-4351	-4772
5301	3430	3445	-3102	-221	-4351	-4772
5306	3400	3416	-2785	-1647	-6988	-8497
5311	3432	3398	-2655	-1647	-6988	-8497
5316	3627	3350	-2431	-1647	-6988	-8497
5321	3631	3451	-2431	-1647	-6988	-8497
5326	3929	3382	-2496	-1647	-6988	-8497
5331	3973	2742	-2349	-1647	-6988	-8497
5336	4042	2037	-1970	-3964	-7624	-13272
5341	3567	1019	-1210	-3964	-7624	-13272
5346	3360	74	-206	-3964	-7624	-13272
5351	2931	-120	69	-3964	-7624	-13272
5356	2875	-114	-19	-3964	-7624	-13272
5361	2959	-127	-45	-3964	-7624	-13272
5366	3042	-109	-89	-5231	-3586	-14991
5371	2900	-124	-93	-5231	-3586	-14991
5376	2897	-131	-104	-5231	-3586	-14991
5381	2886	-130	-122	-5231	-3586	-14991
5386	2866	-119	-122	-5231	-3586	-14991
5391	2858	-101	-121	-5231	-3586	-14991
5396	2849	-106	-128	-5337	1773	-15235
5401	2858	-99	-131	-5337	1773	-15235
5406	2847	-99	-148	-5337	1773	-15235
5411	2836	-94	-122	-5337	1773	-15235
5416	2829	-89	-144	-5337	1773	-15235
5421	2832	-86	-142	-5337	1773	-15235
5426	2827	-80	-158	-5337	1773	-15235
5431	2825	-66	-166	-4160	6159	-13996
5436	2816	-58	-164	-4160	6159	-13996
5441	2818	-56	-165	-4160	6159	-13996
5446	2823	-46	-158	-4160	6159	-13996
5451	2817	-34	-166	-4160	6159	-13996
5456	2824	-26	-169	-4160	6159	-13996
5461	2821	-22	-167	-2184	8944	-12490
5466	2831	-21	-159	-2184	8944	-12490
5471	2826	-26	-163	-2184	8944	-12490
5476	2833	-8	-143	-2184	8944	-12490
5481	2827	0	-153	-2184	8944	-12490
5486	2845	-8	-130	-2184	8944	-12490
5491	2848	0	-135	-166	9885	-11780
5496	2864	0	-141	-166	9885	-11780
5501	2849	0	-132	-166	9885	-11780
5506	2855	1	-129	-166	9885	-11780
5511	2860	-2	-127	-166	9885	-11780
5516	2852	-3	-113	-166	9885	-11780
5521	2857	-8	-98	-6270	2662	-941
5526	3546	2255	3013	-6270	2662	-941
5531	2667	5940	3898	-6270	2662	-941
5536	-2873	4311	1877	-6270	2662	-941
5541	-711	1284	927	-6270	2662	-941
5546	21	314	63	-6270	2662	-941
5551	-114	-379	-644	-10	-2346	2507
5556	200	-967	-1121	-10	-2346	2507
5561	-256	-1649	-752	-10	-2346	2507
5566	-425	-2514	-524	-10	-2346	2507
5571	-463	-1402	639	-10	-2346	2507
5576	-198	202	2050	-10	-2346	2507
5581	221	2338	2512	-10	-2346	2507
5586	-116	3675	2361	-5381	-650	-576
5591	148	3530	1944	-5381	-650	-576
5596	441	2084	1764	-5381	-650	-576
5601	143	826	1428	-5381	-650	-576
5606	-151	-122	1144	-5381	-650	-576
5611	-252	-836	947	-5381	-650	-576
5616	-196	-1174	543	-5321	-3392	-363
5621	113	-947	3	-5321	-3392	-363
5626	334	-385	-415	-5321	-3392	-363
5631	409	100	-368	-5321	-3392	-363
5636	508	347	21	-5321	-3392	-363
5641	591	565	502	-5321	-3392	-363
5646	843	618	895	-4391	-3478	-3074
5651	938	390	976	-4391	-3478	-3074
5656	884	91	954	-4391	-3478	-3074
5661	756	-98	905	-4391	-3478	-3074
5666	972	34	862	-4391	-3478	-3074
5671	1342	40	661	-4391	-3478	-3074
5676	2067	86	717	-1622	-1741	-2828
5681	3053	29	860	-1622	-1741	-2828
5686	3422	-393	1134	-1622	-1741	-2828
5691	3049	-1403	1767	-1622	-1741	-2828
5696	2220	-2182	2369	-1622	-1741	-2828
5701	1945	-2827	2836	-1622	-1741	-2828
5706	1918	-2802	2746	-2902	-2015	-3815
5711	1737	-1985	2159	-2902	-2015	-3815
5716	2039	-1358	1627	-2902	-2015	-3815
5721	2325	-1103	1393	-2902	-2015	-3815
5726	2452	-1242	1420	-2902	-2015	-3815
5731	2051	-1431	1669	-2902	-2015	-3815
5736	1861	-1807	2072	-2902	-2015	-3815
5741	1712	-2182	2316	777	166	382
5746	2031	-3079	2713	777	166	382
5751	2526	-4151	2981	777	166	382
5756	3075	-4882	3111	777	166	382
5761	3139	-5318	3271	777	166	382
5766	2109	-4585	3262	777	166	382
5771	2309	-4137	3266	-844	1937	2547
5776	2545	-3851	3372	-844	1937	2547
5781	2613	-3389	3265	-844	1937	2547
5786	2797	-3158	3129	-844	1937	2547
5791	2989	-3121	3093	-844	1937	2547
5796	3122	-3215	3266	-844	1937	2547
5801	3309	-3408	3404	-46	5790	5621
5806	3498	-3746	3579	-46	5790	5621
5811	3592	-4032	3897	-46	5790	5621
5816	3718	-4135	4176	-46	5790	5621
5821	3936	-4360	4727	-46	5790	5621
5826	3966	-4393	5070	-46	5790	5621
5831	4590	-3961	5092	425	10532	7246
5836	4867	-3286	4787	425	10532	7246
5841	5188	-2392	3944	425	10532	7246
5846	5200	-1412	3071	425	10532	7246
5851	5284	-946	2349	425	10532	7246
5856	4949	-620	1779	425	10532	7246
5861	4499	-426	1086	-671	11492	8211
5866	3825	-205	146	-671	11492	8211
5871	3212	-8	-371	-671	11492	8211
5876	2715	-86	-253	-671	11492	8211
5881	2528	-83	-178	-671	11492	8211
5886	2403	-29	-102	-671	11492	8211
5891	2386	-29	-87	-671	11492	8211
5896	2382	-39	-87	-2472	10680	9226
5901	2382	-27	-82	-2472	10680	9226
5906	2384	-35	-80	-2472	10680	9226
5911	2372	-35	-69	-2472	10680	9226
5916	2372	-34	-69	-2472	10680	9226
5921	2374	-35	-78	-2472	10680	9226
5926	2356	-35	-54	-4308	8534	11071
5931	2346	-34	-59	-4308	8534	11071
5936	2349	-40	-66	-4308	8534	11071
5941	2351	-40	-72	-4308	8534	11071
5946	2342	-35	-66	-4308	8534	11071
5951	2354	-37	-71	-4308	8534	11071
5956	2349	-36	-77	-5807	4682	13073
5961	2343	-40	-83	-5807	4682	13073
5966	2339	-47	-91	-5807	4682	13073
5971	2343	-49	-80	-5807	4682	13073
5976	2336	-40	-57	-5807	4682	13073
5981	2345	-49	-86	-5807	4682	13073
5986	2344	-47	-91	-6252	-466	13713
5991	2345	-56	-94	-6252	-466	13713
5996	2353	-54	-79	-6252	-466	13713
6001	2358	-59	-91	-6252	-466	13713
6006	2359	-70	-74	-6252	-466	13713
6011	2365	-62	-96	-6252	-466	13713
6016	2365	-66	-93	-5718	-5685	12773
6021	2369	-61	-109	-5718	-5685	12773
6026	2367	-66	-93	-5718	-5685	12773
6031	2368	-67	-106	-5718	-5685	12773
6036	2934	-478	-622	-5718	-5685	12773
6041	2443	-67	-107	-5718	-5685	12773
6046	2434	-59	-119	-5718	-5685	12773
6051	2436	-58	-122	-21504	-10499	342
6056	3742	-5143	-5752	-21504	-10499	342
6061	3926	-5312	-3408	-21504	-10499	342
6066	6627	-9921	-6205	-21504	-10499	342
6071	6573	-3903	-945	-21504	-10499	342
6076	3161	294	-1110	-21504	-10499	342
6081	1497	52	-462	14397	6997	3417
6086	696	506	711	14397	6997	3417
6091	-895	-513	3933	14397	6997	3417
6096	162	-583	6740	14397	6997	3417
6101	-1696	-228	6318	14397	6997	3417
6106	-1545	1738	3036	14397	6997	3417
6111	727	1844	-454	-4180	129	-516
6116	1749	-170	-2231	-4180	129	-516
6121	222	-2506	-4622	-4180	129	-516
6126	194	-1080	-5388	-4180	129	-516
6131	656	848	-5238	-4180	129	-516
6136	341	1282	-4031	-4180	129	-516
6141	68	1025	-2867	-3276	2189	263
6146	200	599	-1989	-3276	2189	263
6151	211	238	-1191	-3276	2189	263
6156	190	155	-564	-3276	2189	263
6161	143	464	-331	-3276	2189	263
6166	3	748	-394	-3276	2189	263
6171	66	880	-575	-6156	1964	718
6176	24	1000	-822	-6156	1964	718
6181	-254	1010	-1209	-6156	1964	718
6186	-194	1097	-1701	-6156	1964	718
6191	-56	1132	-1858	-6156	1964	718
6196	85	993	-1809	-6156	1964	718
6201	378	659	-1598	-6156	1964	718
6206	595	438	-1501	-3775	1455	2069
6211	805	330	-1472	-3775	1455	2069
6216	1021	306	-1500	-3775	1455	2069
6221	1049	409	-1443	-3775	1455	2069
6226	848	552	-1314	-3775	1455	2069
6231	777	646	-1286	-3775	1455	2069
6236	1496	584	-869	555	2739	2637
6241	2438	1094	-826	555	2739	2637
6246	2945	1482	-903	555	2739	2637
6251	2161	2137	-714	555	2739	2637
6256	1480	2461	-666	555	2739	2637
6261	1526	3100	-802	555	2739	2637
6266	1750	3803	-1152	-1127	1550	-219
6271	1445	3564	-1661	-1127	1550	-219
6276	1054	2687	-1891	-1127	1550	-219
6281	1396	2341	-1983	-1127	1550	-219
6286	1569	1966	-2014	-1127	1550	-219
6291	1249	1471	-1931	-1127	1550	-219
6296	1195	1106	-1709	-292	1837	663
6301	1415	1065	-1518	-292	1837	663
6306	1446	1351	-1427	-292	1837	663
6311	1489	1845	-1429	-292	1837	663
6316	1710	2377	-1495	-292	1837	663
6321	1902	2928	-1681	-292	1837	663
6326	1992	3419	-2018	-1237	-805	-2519
6331	2040	3866	-2377	-1237	-805	-2519
6336	2330	4454	-2829	-1237	-805	-2519
6341	2434	4794	-3278	-1237	-805	-2519
6346	2359	4807	-3622	-1237	-805	-2519
6351	2472	4852	-3657	-1237	-805	-2519
6356	2589	4936	-3498	-1237	-805	-2519
6361	2643	5134	-3151	1275	-2098	-5887
6366	2533	5192	-2777	1275	-2098	-5887
6371	3078	5494	-2501	1275	-2098	-5887
6376	3305	5800	-2460	1275	-2098	-5887
6381	3371	6120	-2604	1275	-2098	-5887
6386	3441	6409	-2892	1275	-2098	-5887
6391	3451	5982	-3146	-1954	-5714	-8699
6396	3633	5018	-3265	-1954	-5714	-8699
6401	3791	3986	-3192	-1954	-5714	-8699
6406	3741	3046	-2698	-1954	-5714	-8699
6411	4009	2651	-1998	-1954	-5714	-8699
6416	3800	2109	-1410	-1954	-5714	-8699
6421	3795	1749	-995	-5926	-3435	-11533
6426	3420	1264	-793	-5926	-3435	-11533
6431	3073	734	-478	-5926	-3435	-11533
6436	2052	-127	-27	-5926	-3435	-11533
6441	1781	-98	-121	-5926	-3435	-11533
6446	1740	-69	-126	-5926	-3435	-11533
6451	1733	-62	-136	-6192	1181	-11955
6456	1721	-54	-141	-6192	1181	-11955
6461	1716	-44	-148	-6192	1181	-11955
6466	1710	-42	-160	-6192	1181	-11955
6471	1707	-31	-158	-6192	1181	-11955
6476	1707	-21	-159	-6192	1181	-11955
6481	1703	-26	-148	-5426	5497	-10659
6486	1702	-9	-157	-5426	5497	-10659
6491	1690	-6	-143	-5426	5497	-10659
6496	1691	-2	-157	-5426	5497	-10659
6501	1690	2	-157	-5426	5497	-10659
6506	1688	5	-156	-5426	5497	-10659
6511	1694	11	-161	-5426	5497	-10659
6516	1704	22	-167	-4179	8438	-8703
6521	1695	18	-152	-4179	8438	-8703
6526	1697	27	-147	-4179	8438	-8703
6531	1700	20	-147	-4179	8438	-8703
6536	1709	29	-146	-4179	8438	-8703
6541	1717	36	-154	-4179	8438	-8703
6546	1720	33	-155	-2867	10128	-6669
6551	1720	43	-146	-2867	10128	-6669
6556	1717	41	-160	-2867	10128	-6669
6561	1721	39	-143	-2867	10128	-6669
6566	1721	41	-140	-2867	10128	-6669
6571	1723	32	-147	-2867	10128	-6669
6576	1729	41	-140	-1726	10877	-5248
6581	1726	33	-124	-1726	10877	-5248
6586	1732	29	-125	-1726	10877	-5248
6591	1728	32	-136	-1726	10877	-5248
6596	1739	31	-122	-1726	10877	-5248
6601	1731	28	-115	-1726	10877	-5248
6606	1734	27	-119	-766	11189	-4291
6611	1729	16	-108	-766	11189	-4291
6616	1734	28	-104	-766	11189	-4291
6621	1735	41	-91	-766	11189	-4291
6626	1735	22	-81	-766	11189	-4291
6631	1731	32	-80	-766	11189	-4291
6636	1722	24	-76	-13723	1108	1051
6641	1724	28	-64	-13723	1108	1051
6646	1713	31	-74	-13723	1108	1051
6651	4825	4141	16314	-13723	1108	1051
6656	8783	3043	11148	-13723	1108	1051
6661	2311	-100	2612	-13723	1108	1051
6666	718	380	819	-13723	1108	1051
6671	-137	-336	835	1594	-1057	1655
6676	956	-523	2262	1594	-1057	1655
6681	990	-2368	2089	1594	-1057	1655
6686	522	-3099	1902	1594	-1057	1655
6691	-95	-958	2216	1594	-1057	1655
6696	-483	595	4226	1594	-1057	1655
6701	571	1722	5366	-6786	1924	-660
6706	778	1601	3781	-6786	1924	-660
6711	937	736	2193	-6786	1924	-660
6716	787	258	1247	-6786	1924	-660
6721	633	-122	526	-6786	1924	-660
6726	534	-668	-264	-6786	1924	-660
6731	461	-1042	-1307	-2806	-3404	-2156
6736	550	-1223	-1944	-2806	-3404	-2156
6741	839	-1291	-1527	-2806	-3404	-2156
6746	1252	-1024	-190	-2806	-3404	-2156
6751	1533	-432	1359	-2806	-3404	-2156
6756	1614	-95	2416	-2806	-3404	-2156
6761	1523	-73	2954	-3312	-357	-3166
6766	1234	-349	3086	-3312	-357	-3166
6771	988	-702	2832	-3312	-357	-3166
6776	836	-838	2173	-3312	-357	-3166
6781	858	-1137	1539	-3312	-357	-3166
6786	932	-1292	1022	-3312	-357	-3166
6791	1033	-1379	607	-1367	-858	-2008
6796	1242	-1511	402	-1367	-858	-2008
6801	1669	-1622	425	-1367	-858	-2008
6806	2585	-1823	409	-1367	-858	-2008
6811	2383	-1931	640	-1367	-858	-2008
6816	1078	-1592	1203	-1367	-858	-2008
6821	907	-1486	1615	-1367	-858	-2008
6826	1174	-1924	1576	-1844	-741	-1782
6831	1352	-2363	1467	-1844	-741	-1782
6836	1506	-2530	1436	-1844	-741	-1782
6841	1452	-2468	1498	-1844	-741	-1782
6846	1484	-2410	1610	-1844	-741	-1782
6851	1238	-2536	1653	-1844	-741	-1782
6856	1116	-3048	1600	943	-185	1529
6861	1333	-3632	1553	943	-185	1529
6866	1608	-4261	1617	943	-185	1529
6871	1987	-4926	1753	943	-185	1529
6876	2223	-5239	1892	943	-185	1529
6881	2380	-5296	2251	943	-185	1529
6886	2275	-4920	2618	177	2094	4696
6891	2560	-4703	2917	177	2094	4696
6896	2734	-4813	3016	177	2094	4696
6901	2865	-4857	2852	177	2094	4696
6906	3040	-4838	2608	177	2094	4696
6911	3220	-4780	2620	177	2094	4696
6916	3390	-4737	2750	348	6410	7366
6921	3545	-4760	2922	348	6410	7366
6926	3680	-4781	3442	348	6410	7366
6931	3648	-4505	3793	348	6410	7366
6936	3684	-4104	3599	348	6410	7366
6941	4034	-3736	3287	348	6410	7366
6946	4279	-3097	2822	-4124	6999	10899
6951	4113	-2062	1978	-4124	6999	10899
6956	3825	-1433	1023	-4124	6999	10899
6961	3155	-1035	461	-4124	6999	10899
6966	2294	-66	-79	-4124	6999	10899
6971	2073	33	-107	-4124	6999	10899
6976	2001	1	-80	-4124	6999	10899
6981	1995	-6	-65	-4612	4040	12508
6986	2028	-15	-88	-4612	4040	12508
6991	2098	-29	-81	-4612	4040	12508
6996	2130	-35	-79	-4612	4040	12508
7001	2086	-25	-85	-4612	4040	12508
7006	2078	-34	-90	-4612	4040	12508
7011	2091	-32	-83	-5129	143	13029
7016	2088	-28	-86	-5129	143	13029
7021	2091	-29	-89	-5129	143	13029
7026	2088	-29	-77	-5129	143	13029
7031	2091	-36	-101	-5129	143	13029
7036	2093	-31	-108	-5129	143	13029
7041	2094	-32	-102	-4635	-3803	12468
7046	2097	-23	-100	-4635	-3803	12468
7051	2090	-20	-99	-4635	-3803	12468
7056	2093	-22	-104	-4635	-3803	12468
7061	2096	-26	-92	-4635	-3803	12468
7066	2102	-21	-103	-4635	-3803	12468
7071	2103	-21	-106	-3418	-6679	11246
7076	2098	-23	-97	-3418	-6679	11246
7081	2095	-14	-104	-3418	-6679	11246
7086	2098	-20	-95	-3418	-6679	11246
7091	2102	-9	-94	-3418	-6679	11246
7096	2092	-5	-117	-3418	-6679	11246
7101	2095	-4	-91	-1843	-8289	10070
7106	2095	4	-109	-1843	-8289	10070
7111	2089	-2	-116	-1843	-8289	10070
7116	2089	9	-115	-1843	-8289	10070
7121	2095	-8	-115	-1843	-8289	10070
7126	2077	9	-123	-1843	-8289	10070
7131	2084	4	-116	-1843	-8289	10070
7136	2082	10	-132	-405	-8747	9569
7141	2070	4	-132	-405	-8747	9569
7146	2074	2	-130	-405	-8747	9569
7151	2076	8	-132	-405	-8747	9569
7156	2053	11	-143	-405	-8747	9569
7161	2059	0	-155	-405	-8747	9569
7166	2050	19	-162	-18182	-6286	4764
7171	2046	15	-157	-18182	-6286	4764
7176	2036	14	-169	-18182	-6286	4764
7181	2023	14	-172	-18182	-6286	4764
7186	2022	20	-192	-18182	-6286	4764
7191	2000	20	-186	-18182	-6286	4764
7196	-6643	-5874	-852	7548	4449	2097
7201	-735	74	-3029	7548	4449	2097
7206	425	1265	-13	7548	4449	2097
7211	366	1627	-468	7548	4449	2097
7216	-360	2894	-1141	7548	4449	2097
7221	394	3004	-2443	7548	4449	2097
7226	2593	2141	-2987	-6113	-2522	568
7231	2446	1483	-4193	-6113	-2522	568
7236	1148	1706	-6345	-6113	-2522	568
7241	1812	-82	-7580	-6113	-2522	568
7246	1168	-220	-6239	-6113	-2522	568
7251	1517	722	-3904	-6113	-2522	568
7256	1317	1197	-1881	904	2662	1016
7261	1050	1415	-415	904	2662	1016
7266	911	1697	352	904	2662	1016
7271	766	1850	845	904	2662	1016
7276	780	1810	656	904	2662	1016
7281	1046	1593	11	904	2662	1016
7286	1246	1300	-779	904	2662	1016
7291	1247	980	-1720	-4649	-39	1552
7296	1318	879	-2490	-4649	-39	1552
7301	1196	1013	-2798	-4649	-39	1552
7306	1042	1232	-2726	-4649	-39	1552
7311	897	1406	-2427	-4649	-39	1552
7316	763	1574	-1980	-4649	-39	1552
7321	600	1585	-1523	-854	1091	1127
7326	692	1547	-1077	-854	1091	1127
7331	819	1366	-679	-854	1091	1127
7336	1070	1231	-316	-854	1091	1127
7341	1644	1304	66	-854	1091	1127
7346	2065	1350	187	-854	1091	1127
7351	1275	1075	-185	-1123	1517	2642
7356	1006	932	-716	-1123	1517	2642
7361	1104	1032	-1103	-1123	1517	2642
7366	1004	1201	-1247	-1123	1517	2642
7371	975	1427	-1184	-1123	1517	2642
7376	1073	1545	-1150	-1123	1517	2642
7381	1272	1582	-1160	-331	636	1707
7386	1372	1731	-1201	-331	636	1707
7391	1409	1987	-1242	-331	636	1707
7396	1597	2338	-1262	-331	636	1707
7401	1874	2816	-1267	-331	636	1707
7406	2060	3471	-1306	-331	636	1707
7411	2237	4124	-1400	-586	-350	-2028
7416	2132	4483	-1609	-586	-350	-2028
7421	1854	4384	-1842	-586	-350	-2028
7426	2171	4519	-1917	-586	-350	-2028
7431	2440	4739	-1915	-586	-350	-2028
7436	2610	4886	-1878	-586	-350	-2028
7441	2699	5020	-1946	-586	-350	-2028
7446	2851	5139	-1949	913	-1459	-5478
7451	2848	5105	-1948	913	-1459	-5478
7456	3011	5205	-1906	913	-1459	-5478
7461	3308	5678	-2175	913	-1459	-5478
7466	3486	6063	-2653	913	-1459	-5478
7471	3734	6344	-3293	913	-1459	-5478
7476	3881	6201	-3822	567	-6045	-9549
7481	3963	5485	-3868	567	-6045	-9549
7486	4249	4673	-3334	567	-6045	-9549
7491	4346	4215	-2782	567	-6045	-9549
7496	4147	3489	-2224	567	-6045	-9549
7501	4535	2911	-1524	567	-6045	-9549
7506	4560	2162	-940	1183	-6926	-11535
7511	4114	1622	-860	1183	-6926	-11535
7516	3849	1345	-655	1183	-6926	-11535
7521	3118	719	-333	1183	-6926	-11535
7526	2591	-60	-84	1183	-6926	-11535
7531	2302	-97	-46	1183	-6926	-11535
7536	2210	-71	-65	-367	-7175	-11390
7541	2188	-73	-79	-367	-7175	-11390
7546	2186	-58	-74	-367	-7175	-11390
7551	2182	-56	-94	-367	-7175	-11390
7556	2175	-59	-102	-367	-7175	-11390
7561	2172	-54	-96	-367	-7175	-11390
7566	2169	-52	-100	-1833	-6361	-11781
7571	2165	-54	-111	-1833	-6361	-11781
7576	2166	-57	-93	-1833	-6361	-11781
7581	2163	-51	-90	-1833	-6361	-11781
7586	2166	-62	-108	-1833	-6361	-11781
7591	2157	-62	-89	-1833	-6361	-11781
7596	2150	-61	-104	-1833	-6361	-11781
7601	2158	-57	-107	-3053	-4475	-12620
7606	2159	-62	-100	-3053	-4475	-12620
7611	2152	-62	-109	-3053	-4475	-12620
7616	2152	-66	-115	-3053	-4475	-12620
7621	2145	-62	-128	-3053	-4475	-12620
7626	2135	-63	-121	-3053	-4475	-12620
7631	2137	-59	-130	-3803	-1614	-13206
7636	2135	-62	-126	-3803	-1614	-13206
7641	2136	-62	-132	-3803	-1614	-13206
7646	2116	-55	-132	-3803	-1614	-13206
7651	2114	-52	-130	-3803	-1614	-13206
7656	2126	-53	-131	-3803	-1614	-13206
7661	2119	-48	-139	-3719	1616	-13154
7666	2116	-38	-136	-3719	1616	-13154
7671	2109	-34	-135	-3719	1616	-13154
7676	2119	-33	-143	-3719	1616	-13154
7681	2107	-21	-150	-3719	1616	-13154
7686	2104	-21	-131	-3719	1616	-13154
7691	2106	-16	-147	-2986	4332	-12527
7696	2103	-6	-145	-2986	4332	-12527
7701	2109	-5	-135	-2986	4332	-12527
7706	2102	5	-126	-2986	4332	-12527
7711	2096	-2	-129	-2986	4332	-12527
7716	2094	8	-129	-2986	4332	-12527
7721	2092	4	-124	-27664	-2028	-74
7726	2090	18	-109	-27664	-2028	-74
7731	1812	73	-58	-27664	-2028	-74
7736	1983	545	172	-27664	-2028	-74
7741	-1416	7455	2142	-27664	-2028	-74
7746	9	-721	2463	-27664	-2028	-74
7751	999	-1130	1140	-27664	-2028	-74
7756	127	-702	1520	3450	-4472	-338
7761	352	-732	1184	3450	-4472	-338
7766	-1848	-2774	-268	3450	-4472	-338
7771	633	-91	-360	3450	-4472	-338
7776	715	-306	1073	3450	-4472	-338
7781	251	-109	2739	3450	-4472	-338
7786	455	459	3190	-5236	-148	973
7791	491	197	3131	-5236	-148	973
7796	545	-669	2203	-5236	-148	973
7801	294	-1138	1724	-5236	-148	973
7806	196	-1310	1804	-5236	-148	973
7811	199	-1227	2052	-5236	-148	973
7816	250	-876	1594	-3283	-3097	-1964
7821	320	-373	597	-3283	-3097	-1964
7826	612	62	-109	-3283	-3097	-1964
7831	876	170	-413	-3283	-3097	-1964
7836	1073	122	-89	-3283	-3097	-1964
7841	984	-265	894	-3283	-3097	-1964
7846	755	-693	1848	-6481	356	-3449
7851	720	-828	2412	-6481	356	-3449
7856	835	-1055	2629	-6481	356	-3449
7861	690	-1478	2511	-6481	356	-3449
7866	474	-1886	2077	-6481	356	-3449
7871	333	-1949	1589	-6481	356	-3449
7878	589	-1517	881	-3659	-1482	-2676
7881	739	-1389	648	-3659	-1482	-2676
7886	1015	-1215	183	-3659	-1482	-2676
7891	1257	-1289	-183	-3659	-1482	-2676
7896	1831	-1705	-484	-3659	-1482	-2676
7901	2553	-2323	-543	-3659	-1482	-2676
7906	2998	-2812	-545	-3659	-1482	-2676
7911	2811	-3472	-191	770	-848	-1212
7916	1767	-3339	745	770	-848	-1212
7921	1432	-2791	1092	770	-848	-1212
7926	1409	-2310	1247	770	-848	-1212
7931	1701	-2005	1066	770	-848	-1212
7936	1871	-2097	972	770	-848	-1212
7941	1835	-2425	1016	-318	-139	365
7946	1736	-2788	1052	-318	-139	365
7951	1754	-3312	994	-318	-139	365
7956	1800	-3734	840	-318	-139	365
7961	1907	-3920	606	-318	-139	365
7966	1991	-3990	437	-318	-139	365
7971	2082	-4063	388	-47	342	2545
7976	2174	-4139	438	-47	342	2545
7981	2239	-4279	624	-47	342	2545
7986	2410	-4507	866	-47	342	2545
7991	2488	-4790	1096	-47	342	2545
7996	2619	-4991	1154	-47	342	2545
8001	2815	-5153	1089	874	1099	5988
8006	3080	-5338	854	874	1099	5988
8011	3342	-5367	636	874	1099	5988
8016	3675	-5389	525	874	1099	5988
8021	3694	-5448	922	874	1099	5988
8026	3478	-5358	1675	874	1099	5988
8031	3268	-5279	1993	-1208	4104	11762
8036	3409	-4995	2175	-1208	4104	11762
8041	3804	-5019	2054	-1208	4104	11762
8046	3990	-5047	1770	-1208	4104	11762
8051	4030	-4754	1427	-1208	4104	11762
8056	4150	-4111	999	-1208	4104	11762
8061	4105	-3160	281	-1208	4104	11762
8066	3796	-1879	-355	572	4202	13978
8071	3976	-1041	-714	572	4202	13978
8076	3409	-52	-373	572	4202	13978
8081	2863	59	-161	572	4202	13978
8086	2588	-32	-128	572	4202	13978
8091	2589	-32	-127	572	4202	13978
8096	2574	-32	-108	-484	4402	13934
8101	2563	-42	-104	-484	4402	13934
8106	2571	-42	-110	-484	4402	13934
8111	2572	-55	-106	-484	4402	13934
8116	2564	-47	-112	-484	4402	13934
8121	2580	-56	-104	-484	4402	13934
8126	2577	-51	-112	-1467	3588	13978
8131	2565	-47	-113	-1467	3588	13978
8136	2564	-36	-106	-1467	3588	13978
8141	2570	-40	-96	-1467	3588	13978
8146	2565	-45	-106	-1467	3588	13978
8151	2568	-49	-110	-1467	3588	13978
8156	2564	-34	-91	-2106	2042	14383
8161	2570	-36	-115	-2106	2042	14383
8166	2563	-30	-106	-2106	2042	14383
8171	2563	-34	-111	-2106	2042	14383
8176	2560	-34	-108	-2106	2042	14383
8181	2563	-36	-104	-2106	2042	14383
8186	2559	-25	-113	-2320	42	14558
8191	2559	-29	-101	-2320	42	14558
8196	2570	-34	-104	-2320	42	14558
8201	2555	-38	-99	-2320	42	14558
8206	2567	-29	-112	-2320	42	14558
8211	2552	-36	-110	-2320	42	14558
8216	2555	-38	-107	-2320	42	14558
8221	2565	-34	-111	-2105	-1729	14295
8226	2558	-36	-114	-2105	-1729	14295
8231	2552	-47	-128	-2105	-1729	14295
8236	2543	-45	-112	-2105	-1729	14295
8241	2552	-46	-115	-2105	-1729	14295
8246	2555	-39	-115	-2105	-1729	14295
8251	2546	-38	-124	-1476	-3212	14030
8256	2540	-37	-132	-1476	-3212	14030
8261	2541	-48	-132	-1476	-3212	14030
8266	2535	-33	-136	-1476	-3212	14030
8271	2531	-34	-140	-1476	-3212	14030
8276	2528	-33	-140	-1476	-3212	14030
8281	2524	-29	-146	-1817	4513	-2201
8286	-9924	2074	37	-1817	4513	-2201
8291	675	-3755	-4799	-1817	4513	-2201
8296	1391	14	-2763	-1817	4513	-2201
8301	393	-304	-2046	-1817	4513	-2201
8306	-572	-1113	-1755	-1817	4513	-2201
8311	-1570	-4831	-5931	-2011	-159	1231
8316	-3	-3534	-4800	-2011	-159	1231
8321	2098	-4707	-4165	-2011	-159	1231
8326	377	-3579	-3901	-2011	-159	1231
8331	41	-1350	-3090	-2011	-159	1231
8336	-78	363	-1935	-2011	-159	1231
8341	-623	1350	-760	-3676	2024	-2254
8346	-729	1810	-156	-3676	2024	-2254
8351	-708	1889	117	-3676	2024	-2254
8356	-749	1603	-197	-3676	2024	-2254
8361	-605	1241	-936	-3676	2024	-2254
8366	-181	654	-1450	-3676	2024	-2254
8371	68	-68	-1864	-3676	2024	-2254
8376	142	-439	-2159	-10575	1082	811
8381	244	-591	-2160	-10575	1082	811
8386	229	-651	-1898	-10575	1082	811
8391	-46	-590	-1865	-10575	1082	811
8396	-10	-471	-1835	-10575	1082	811
8401	205	-404	-1671	-10575	1082	811
8406	458	-485	-1476	-2216	1373	3910
8411	837	-521	-1384	-2216	1373	3910
8416	998	-286	-1126	-2216	1373	3910
8421	1014	14	-821	-2216	1373	3910
8426	1383	355	-428	-2216	1373	3910
8431	2110	726	-595	-2216	1373	3910
8436	2521	1721	-938	-4565	-263	1846
8441	2146	2244	-1634	-4565	-263	1846
8446	1768	2429	-2098	-4565	-263	1846
8451	1551	2713	-2426	-4565	-263	1846
8456	1440	2761	-2304	-4565	-263	1846
8461	1359	2400	-1973	-4565	-263	1846
8466	881	1709	-1627	-2290	554	4306
8471	928	1144	-987	-2290	554	4306
8476	1146	794	-502	-2290	554	4306
8481	1352	794	-335	-2290	554	4306
8486	1639	1055	-416	-2290	554	4306
8491	1748	1526	-603	-2290	554	4306
8496	1832	2333	-666	2417	1218	77
8501	2067	3349	-592	2417	1218	77
8506	2361	4325	-460	2417	1218	77
8511	2660	5003	-389	2417	1218	77
8516	2725	5294	-589	2417	1218	77
8521	2274	4913	-954	2417	1218	77
8526	2341	4471	-1247	2417	1218	77
8531	2442	3860	-1528	-279	169	-2415
8536	2435	3531	-1640	-279	169	-2415
8541	2399	3984	-1690	-279	169	-2415
8546	2586	4888	-1620	-279	169	-2415
8551	2664	5606	-1619	-279	169	-2415
8556	2821	5936	-1727	-279	169	-2415
8561	2948	6004	-1768	-1549	-945	-6591
8566	3065	5624	-1697	-1549	-945	-6591
8571	3293	5256	-1682	-1549	-945	-6591
8576	3518	5362	-1783	-1549	-945	-6591
8581	3664	5615	-1883	-1549	-945	-6591
8586	3962	5810	-2058	-1549	-945	-6591
8591	4049	5972	-2313	-23	-3941	-12037
8596	3920	5962	-2534	-23	-3941	-12037
8601	4259	6290	-2542	-23	-3941	-12037
8606	4746	6480	-2441	-23	-3941	-12037
8611	5342	5691	-1879	-23	-3941	-12037
8616	5451	4210	-986	-23	-3941	-12037
8621	4901	2568	-650	-2603	-3034	-13751
8626	3404	1126	-709	-2603	-3034	-13751
8631	2533	81	-380	-2603	-3034	-13751
8636	2406	-82	-112	-2603	-3034	-13751
8641	2388	-80	-107	-2603	-3034	-13751
8646	2386	-68	-117	-2603	-3034	-13751
8651	2378	-60	-135	-2986	-417	-14034
8656	2379	-49	-130	-2986	-417	-14034
8661	2384	-52	-113	-2986	-417	-14034
8666	2364	-49	-151	-2986	-417	-14034
8671	2366	-38	-125	-2986	-417	-14034
8676	2369	-32	-134	-2986	-417	-14034
8681	2366	-33	-148	-2986	-417	-14034
8686	2361	-39	-149	-2628	2065	-13866
8691	2352	-37	-146	-2628	2065	-13866
8696	2362	-28	-138	-2628	2065	-13866
8701	2359	-30	-139	-2628	2065	-13866
8706	2348	-29	-137	-2628	2065	-13866
8711	2352	-26	-144	-2628	2065	-13866
8716	2349	-27	-138	-1757	4071	-13381
8721	2347	-30	-147	-1757	4071	-13381
8726	2350	-11	-145	-1757	4071	-13381
8731	2351	-20	-140	-1757	4071	-13381
8736	2353	-22	-137	-1757	4071	-13381
8741	2351	-19	-137	-1757	4071	-13381
8746	2352	-15	-145	-574	5033	-12880
8751	2354	-13	-156	-574	5033	-12880
8756	2354	-15	-163	-574	5033	-12880
8761	2351	-7	-160	-574	5033	-12880
8766	2353	-9	-147	-574	5033	-12880
8771	2355	-3	-148	-574	5033	-12880
8776	2357	-13	-137	719	4993	-13012
8781	2356	-18	-141	719	4993	-13012
8786	2358	-13	-133	719	4993	-13012
8791	2357	-3	-123	719	4993	-13012
8796	2359	-11	-133	719	4993	-13012
8801	2352	1	-137	719	4993	-13012
8806	2361	-6	-123	1838	3836	-13239
8811	2357	1	-110	1838	3836	-13239
8816	2353	4	-116	1838	3836	-13239
8821	2350	-4	-111	1838	3836	-13239
8826	2354	3	-111	1838	3836	-13239
8831	2353	-9	-108	1838	3836	-13239
8836	2339	-9	-109	1838	3836	-13239
8841	2330	-13	-108	-4233	-353	10923
8846	2330	-20	-102	-4233	-353	10923
8851	2326	-13	-95	-4233	-353	10923
8856	-1456	-11782	-708	-4233	-353	10923
8861	-2004	-2146	-1141	-4233	-353	10923
8866	1202	54	-182	-4233	-353	10923
8871	556	9755	2874	-3030	-2032	1486
8876	1261	2266	349	-3030	-2032	1486
8881	2224	2126	-168	-3030	-2032	1486
8886	1406	4567	619	-3030	-2032	1486
8891	1192	5945	719	-3030	-2032	1486
8896	1255	5850	36	-3030	-2032	1486
8901	1386	4760	-115	-7743	-1221	-2563
8906	1188	3933	362	-7743	-1221	-2563
8911	648	3043	782	-7743	-1221	-2563
8916	390	2024	1059	-7743	-1221	-2563
8921	457	1058	1144	-7743	-1221	-2563
8926	437	154	1209	-7743	-1221	-2563
8931	514	-262	1411	-205	-3024	2057
8936	568	-781	1268	-205	-3024	2057
8941	721	-2109	682	-205	-3024	2057
8946	1243	-2693	240	-205	-3024	2057
8951	1191	-1782	405	-205	-3024	2057
8956	922	-293	943	-205	-3024	2057
8961	1138	751	1631	10188	-1938	2796
8966	1350	1162	2125	10188	-1938	2796
8971	689	1820	2252	10188	-1938	2796
8976	260	1916	2064	10188	-1938	2796
8981	879	972	2048	10188	-1938	2796
8986	1043	344	1900	10188	-1938	2796
8991	1354	402	1681	10188	-1938	2796
8996	1764	673	1557	-3185	-423	1808
9001	2109	1080	1280	-3185	-423	1808
9006	2327	1877	812	-3185	-423	1808
9011	2201	2804	675	-3185	-423	1808
9016	1878	3714	854	-3185	-423	1808
9021	1791	4338	1106	-3185	-423	1808
9026	1627	3958	1641	455	-125	1735
9031	1504	2939	1780	455	-125	1735
9036	1276	1987	1607	455	-125	1735
9041	1056	1010	1391	455	-125	1735
9046	1231	490	1106	455	-125	1735
9051	1362	292	846	455	-125	1735
9056	1527	196	711	973	-681	3317
9061	1760	311	635	973	-681	3317
9066	1937	693	715	973	-681	3317
9071	2262	1274	845	973	-681	3317
9076	1962	1994	776	973	-681	3317
9081	2184	2414	779	973	-681	3317
9086	2292	2521	715	-3031	-713	-149
9091	2457	2736	803	-3031	-713	-149
9096	2485	3139	1081	-3031	-713	-149
9101	2288	3360	1073	-3031	-713	-149
9106	1899	3122	1116	-3031	-713	-149
9111	1619	2986	1206	-3031	-713	-149
9116	2217	2890	1557	938	-245	-182
9121	2190	2738	1708	938	-245	-182
9126	1950	2482	1805	938	-245	-182
9131	2020	2182	2070	938	-245	-182
9136	2207	2082	2082	938	-245	-182
9141	2199	2154	1908	938	-245	-182
9146	2215	2362	1811	938	-245	-182
9151	2358	2696	1805	1509	372	-2349
9156	2451	3248	1810	1509	372	-2349
9161	2508	3636	1806	1509	372	-2349
9166	2628	3620	2060	1509	372	-2349
9171	2839	3462	2302	1509	372	-2349
9176	3154	3545	2427	1509	372	-2349
9181	3385	3944	2280	2708	1102	-5063
9186	3563	4267	2066	2708	1102	-5063
9191	3796	4399	1859	2708	1102	-5063
9196	3989	4403	1730	2708	1102	-5063
9201	4214	4398	1847	2708	1102	-5063
9206	4382	4532	2058	2708	1102	-5063
9211	4364	4555	1877	-214	1811	-9736
9216	4311	4345	1504	-214	1811	-9736
9221	4266	4283	1187	-214	1811	-9736
9226	4168	4107	1024	-214	1811	-9736
9231	4141	3435	680	-214	1811	-9736
9236	4209	2854	446	-214	1811	-9736
9241	4025	2366	245	-686	2059	-12950
9246	3805	1870	-40	-686	2059	-12950
9251	3137	1487	-347	-686	2059	-12950
9256	2618	765	-292	-686	2059	-12950
9261	2278	53	-187	-686	2059	-12950
9266	2176	-61	-155	-686	2059	-12950
9271	2118	-37	-164	-2209	3740	-15426
9276	2108	-37	-140	-2209	3740	-15426
9281	2435	78	-169	-2209	3740	-15426
9286	2828	226	-181	-2209	3740	-15426
9291	3166	308	-199	-2209	3740	-15426
9296	3024	-29	-140	-2209	3740	-15426
9301	3015	-32	-145	-2209	3740	-15426
9306	3032	-33	-147	-864	5245	-14955
9311	3025	-19	-153	-864	5245	-14955
9316	3017	-22	-142	-864	5245	-14955
9321	3028	-21	-151	-864	5245	-14955
9326	3023	-21	-140	-864	5245	-14955
9331	3019	-19	-144	-864	5245	-14955
9336	3026	-19	-137	739	5291	-14725
9341	3030	-27	-150	739	5291	-14725
9346	3028	-31	-133	739	5291	-14725
9351	3023	-38	-136	739	5291	-14725
9356	3029	-35	-134	739	5291	-14725
9361	3034	-26	-129	739	5291	-14725
9366	3033	-38	-133	2166	3996	-15213
9371	3031	-32	-134	2166	3996	-15213
9376	3039	-35	-123	2166	3996	-15213
9381	3028	-47	-134	2166	3996	-15213
9386	3027	-44	-140	2166	3996	-15213
9391	3025	-43	-117	2166	3996	-15213
9396	3028	-38	-101	3023	1480	-15515
9401	3034	-42	-114	3023	1480	-15515
9406	3037	-45	-102	3023	1480	-15515
9411	3031	-46	-108	3023	1480	-15515
9416	3028	-46	-102	3023	1480	-15515
9421	3029	-42	-92	3023	1480	-15515
9426	3024	-45	-104	3108	-1612	-15606
9431	3018	-53	-108	3108	-1612	-15606
9436	3006	-37	-103	3108	-1612	-15606
9441	3006	-46	-88	3108	-1612	-15606
9446	3007	-36	-98	3108	-1612	-15606
9451	2981	-48	-93	3108	-1612	-15606
9456	2978	-53	-78	3108	-1612	-15606
9461	2978	-47	-83	1308	6905	6623
9466	2972	-43	-89	1308	6905	6623
9471	2957	-52	-77	1308	6905	6623
9476	-12183	-12635	2649	1308	6905	6623
9481	-9551	295	975	1308	6905	6623
9486	1413	-1035	-3429	1308	6905	6623
9491	901	-684	-1870	-13017	-10129	9251
9496	1436	-918	-1261	-13017	-10129	9251
9501	1958	-1182	-2070	-13017	-10129	9251
9506	3849	-1219	-2688	-13017	-10129	9251
9511	5227	3896	-2244	-13017	-10129	9251
9516	4933	4768	-2122	-13017	-10129	9251
9521	2755	5661	71	-1173	3786	-565
9526	1202	6791	3568	-1173	3786	-565
9531	-258	7145	10097	-1173	3786	-565
9536	615	910	11923	-1173	3786	-565
9541	1499	1368	7006	-1173	3786	-565
9546	211	1339	4088	-1173	3786	-565
9551	158	1217	1787	600	507	-215
9556	647	1198	604	600	507	-215
9561	1170	1466	236	600	507	-215
9566	340	1327	903	600	507	-215
9571	38	1811	1394	600	507	-215
9576	-179	2264	1752	600	507	-215
9581	196	2146	2037	-650	1586	-2591
9586	517	2255	2133	-650	1586	-2591
9591	412	2690	2245	-650	1586	-2591
9596	492	2911	2172	-650	1586	-2591
9601	169	3222	1915	-650	1586	-2591
9606	23	3374	1793	-650	1586	-2591
9611	328	3444	1984	-650	1586	-2591
9616	616	3439	1993	1766	633	-2274
9621	428	3239	1857	1766	633	-2274
9626	-17	2684	2013	1766	633	-2274
9631	-598	1885	1954	1766	633	-2274
9636	-608	1637	1987	1766	633	-2274
9641	-486	1864	1811	1766	633	-2274
9646	-308	1712	1625	-366	18	-2575
9651	-217	1812	1337	-366	18	-2575
9656	-426	1851	1237	-366	18	-2575
9661	-666	1824	1177	-366	18	-2575
9666	-821	1771	1121	-366	18	-2575
9671	-932	1771	1085	-366	18	-2575
9676	-1112	1708	1076	-2760	-891	-3661
9681	-1174	1698	957	-2760	-891	-3661
9686	-894	1696	964	-2760	-891	-3661
9691	-755	1692	1030	-2760	-891	-3661
9696	-603	1682	1083	-2760	-891	-3661
9701	-430	1467	1136	-2760	-891	-3661
9706	-438	1091	1042	898	-1624	-2227
9711	-488	688	972	898	-1624	-2227
9716	-622	498	991	898	-1624	-2227
9721	-747	427	1107	898	-1624	-2227
9726	-832	235	1428	898	-1624	-2227
9731	-932	-71	1795	898	-1624	-2227
9736	-1259	-343	2024	774	-502	-497
9741	-1422	-495	2130	774	-502	-497
9746	-1374	-553	1968	774	-502	-497
9751	-1269	-386	1716	774	-502	-497
9756	-1136	-81	1423	774	-502	-497
9761	-1045	268	1256	774	-502	-497
9766	-968	598	1199	774	-502	-497
9771	-879	744	1148	677	-1412	238
9776	-837	739	1037	677	-1412	238
9781	-837	603	945	677	-1412	238
9786	-817	-1101	717	677	-1412	238
9791	-757	-241	894	677	-1412	238
9796	-637	-67	1038	677	-1412	238
9801	-740	-54	1433	-1097	489	-934
9806	-794	527	2804	-1097	489	-934
9811	-684	939	2734	-1097	489	-934
9816	-984	561	1345	-1097	489	-934
9821	-900	569	918	-1097	489	-934
9826	-979	270	1503	-1097	489	-934
9831	-1071	333	1481	-1781	-804	58
9836	-1103	231	1246	-1781	-804	58
9841	-1206	262	1151	-1781	-804	58
9846	-1171	345	1046	-1781	-804	58
9851	-1067	256	1099	-1781	-804	58
9856	-935	234	1115	-1781	-804	58
9861	-955	317	1242	-916	-934	84
9866	-807	253	1322	-916	-934	84
9871	-614	515	1340	-916	-934	84
9876	-561	600	1399	-916	-934	84
9881	-632	558	1622	-916	-934	84
9886	-749	447	1736	-916	-934	84
9891	-877	356	1727	-972	-810	-554
9896	-911	428	1803	-972	-810	-554
9901	-979	510	1711	-972	-810	-554
9906	-893	311	1725	-972	-810	-554
9911	-751	283	1470	-972	-810	-554
9916	-440	488	1251	-972	-810	-554
9921	-441	301	1591	-972	-810	-554
9926	-675	168	1804	-61	-316	-182
9931	-767	129	1983	-61	-316	-182
9936	-932	52	2098	-61	-316	-182
9941	-876	144	2179	-61	-316	-182
9946	-784	163	2139	-61	-316	-182
9951	-673	143	2047	-61	-316	-182
9956	-566	130	1956	-165	-325	-431
9961	-528	122	1818	-165	-325	-431
9966	-538	128	1798	-165	-325	-431
9971	-572	154	1827	-165	-325	-431
9976	-626	169	1897	-165	-325	-431
9981	-665	401	1736	-165	-325	-431
9986	-142	1183	1938	-126	-1312	1077
9991	-656	880	1805	-126	-1312	1077
9996	-653	158	1771	-126	-1312	1077
10001	-224	-101	1012	-126	-1312	1077
10006	-249	44	939	-126	-1312	1077
10011	-187	-19	1338	-126	-1312	1077
10016	71	53	3508	2243	1486	402
10021	-355	111	2569	2243	1486	402
10026	-733	-396	3916	2243	1486	402
10031	-1179	-251	3253	2243	1486	402
10036	-1334	-21	3215	2243	1486	402
10041	-1294	220	2493	2243	1486	402
10046	-973	-679	275	1278	-362	1007
10051	-462	-1944	-383	1278	-362	1007
10056	-32	-469	-109	1278	-362	1007
10061	436	-159	717	1278	-362	1007
10066	791	267	1421	1278	-362	1007
10071	-120	409	1950	1278	-362	1007
10076	-1734	807	2783	1278	-362	1007
10081	-2226	1010	3331	590	1476	912
10086	-2094	111	3120	590	1476	912
10091	-1218	-113	2845	590	1476	912
10096	-617	120	2360	590	1476	912
10101	-450	531	2357	590	1476	912
10106	-524	672	1682	590	1476	912
10111	-523	671	1228	-857	-49	-103
10116	-434	727	1137	-857	-49	-103
10121	-459	838	1170	-857	-49	-103
10126	-541	912	1241	-857	-49	-103
10131	-608	877	1353	-857	-49	-103
10136	-669	770	1430	-857	-49	-103
10141	-716	623	1509	-487	276	-67
10146	-783	572	1583	-487	276	-67
10151	-919	528	1849	-487	276	-67
10156	-1033	452	2112	-487	276	-67
10161	-1017	335	2230	-487	276	-67
10166	-1001	220	2126	-487	276	-67
10171	-956	149	1960	-188	467	-223
10176	-862	152	1826	-188	467	-223
10181	-796	193	1732	-188	467	-223
10186	-755	245	1682	-188	467	-223
10191	-527	402	1744	-188	467	-223
10196	34	342	1926	-188	467	-223
10201	376	477	2314	447	92	232
10206	-241	1269	1921	447	92	232
10211	-575	362	1160	447	92	232
10216	-1024	-515	1221	447	92	232
10221	-1376	-153	2146	447	92	232
10226	-1092	234	1563	447	92	232
10231	-578	222	1483	447	92	232
10236	-684	455	1808	976	-111	390
10241	-294	329	1970	976	-111	390
10246	-313	674	1660	976	-111	390
10251	-270	251	1560	976	-111	390
10256	-374	703	1656	976	-111	390
10261	-571	702	1877	976	-111	390
10266	-515	346	1583	-377	-296	-266
10271	-435	731	1232	-377	-296	-266
10276	-416	567	1798	-377	-296	-266
10281	-547	432	1838	-377	-296	-266
10286	-570	427	1637	-377	-296	-266
10291	-593	333	2034	-377	-296	-266
10296	-619	263	2277	-1124	1276	332
10301	-686	211	2333	-1124	1276	332
10306	-723	170	2401	-1124	1276	332
10311	-762	108	2439	-1124	1276	332
10316	-824	63	2348	-1124	1276	332
10321	-957	5	2378	-1124	1276	332
10326	-1063	-34	2602	379	2783	557
10331	-1097	8	2755	379	2783	557
10336	-1043	76	2676	379	2783	557
10341	-879	209	2362	379	2783	557
10346	-750	638	2073	379	2783	557
10351	-632	1061	1684	379	2783	557
10356	-821	1184	1375	-1296	3118	-834
10361	-978	1258	1269	-1296	3118	-834
10366	-937	1212	1256	-1296	3118	-834
10371	-1051	1161	1454	-1296	3118	-834
10376	-1061	1056	1659	-1296	3118	-834
10381	-1148	1027	1687	-1296	3118	-834
10386	-1333	871	1640	-1296	3118	-834
10391	-1226	582	1590	2662	3128	885
10396	-1065	474	1232	2662	3128	885
10401	-1070	218	1018	2662	3128	885
10406	-1137	58	929	2662	3128	885
10411	-1451	141	784	2662	3128	885
10416	-1707	278	1029	2662	3128	885
10421	-1911	378	1251	5166	2352	1650
10426	-1839	487	1219	5166	2352	1650
10431	-1228	211	643	5166	2352	1650
10436	-968	149	122	5166	2352	1650
10441	-1058	405	-376	5166	2352	1650
10446	-1151	687	-849	5166	2352	1650
10451	-1365	1223	-716	1	550	23
10456	-1713	1465	-424	1	550	23
10461	-1878	1315	-201	1	550	23
10466	-1836	1008	31	1	550	23
10471	-1809	861	92	1	550	23
10476	-1703	1271	-148	1	550	23
10481	-1434	1345	-445	2494	-526	-396
10486	-1223	1463	-517	2494	-526	-396
10491	-1234	1703	-208	2494	-526	-396
10496	-1426	1506	13	2494	-526	-396
10501	-1550	1089	71	2494	-526	-396
10506	-1662	913	211	2494	-526	-396
10511	-1597	842	-12	2971	466	1278
10516	-1845	1488	1591	2971	466	1278
10521	-1981	1049	1011	2971	466	1278
10526	-2178	659	649	2971	466	1278
10531	-2276	404	20	2971	466	1278
10536	-2363	419	-242	2971	466	1278
10541	-1882	480	-99	2971	466	1278
10546	-1526	1208	-169	3352	202	-187
10551	-1559	1239	-289	3352	202	-187
10556	-1524	1389	-341	3352	202	-187
10561	-1545	1390	-522	3352	202	-187
10566	-1496	1351	-673	3352	202	-187
10571	-1552	1335	-669	3352	202	-187
10576	-1575	1208	-576	1223	-546	5
10581	-1289	1288	-392	1223	-546	5
10586	-1440	1141	-517	1223	-546	5
10591	-1804	669	-758	1223	-546	5
10596	-2011	514	-843	1223	-546	5
10601	-1670	826	-743	1223	-546	5
10606	-1439	762	-735	1165	-506	352
10611	-1592	982	-750	1165	-506	352
10616	-1585	1258	-763	1165	-506	352
10621	-1619	799	-563	1165	-506	352
10626	-1616	1047	-284	1165	-506	352
10631	-1564	971	-621	1165	-506	352
10636	-1645	1018	-641	-207	-235	308
10641	-1735	1222	-721	-207	-235	308
10646	-1827	1248	-674	-207	-235	308
10651	-1896	1134	-531	-207	-235	308
10656	-1972	981	-433	-207	-235	308
10661	-1924	965	-540	-207	-235	308
10666	-1588	978	-667	81	-783	-48
10671	-1273	1232	-821	81	-783	-48
10676	-1260	1549	-1033	81	-783	-48
10681	-1553	1472	-1017	81	-783	-48
10686	-1862	1370	-808	81	-783	-48
10691	-2007	1270	-545	81	-783	-48
10696	-2063	1108	-414	81	-783	-48
10701	-1939	922	-373	-122	-850	-308
10706	-1910	862	-592	-122	-850	-308
10711	-1671	882	-569	-122	-850	-308
10716	-1630	1074	-499	-122	-850	-308
10721	-1586	1325	-425	-122	-850	-308
10726	-1679	1219	-449	-122	-850	-308
10731	-1636	1211	-459	-107	-607	-248
10736	-1665	1174	-430	-107	-607	-248
10741	-1688	1095	-461	-107	-607	-248
10746	-1699	1099	-512	-107	-607	-248
10751	-1629	1037	-494	-107	-607	-248
10756	-1569	979	-397	-107	-607	-248
10761	-1633	947	-366	-717	-1057	-525
10766	-1774	952	-341	-717	-1057	-525
10771	-1900	969	-265	-717	-1057	-525
10776	-2046	948	-340	-717	-1057	-525
10781	-2136	1007	-425	-717	-1057	-525
10786	-2165	1045	-455	-717	-1057	-525
10791	-1858	1050	-329	106	-733	346
10796	-1763	990	-256	106	-733	346
10801	-1783	903	-205	106	-733	346
10806	-1805	886	-151	106	-733	346
10811	-1771	838	-128	106	-733	346
10816	-1858	807	-108	106	-733	346
10821	-1714	740	-155	-345	-633	93
10826	-1745	772	-153	-345	-633	93
10831	-1759	940	-145	-345	-633	93
10836	-1818	1147	-123	-345	-633	93
10841	-1845	1143	-106	-345	-633	93
10846	-1801	1089	-75	-345	-633	93
10851	-1776	1044	-61	-345	-633	93
10856	-1744	968	-15	-369	-637	106
10861	-1743	940	10	-369	-637	106
10866	-1727	983	-8	-369	-637	106
10871	-1739	1064	-64	-369	-637	106
10876	-1761	1093	-37	-369	-637	106
10881	-1779	1036	-9	-369	-637	106
10886	-1870	1001	24	-516	-563	83
10891	-1753	1105	118	-516	-563	83
10896	-1869	1045	94	-516	-563	83
10901	-1808	1060	114	-516	-563	83
10906	-1805	1021	47	-516	-563	83
10911	-1750	1060	95	-516	-563	83
10916	-1783	1047	123	-542	-580	-37
10921	-1748	1109	155	-542	-580	-37
10926	-1759	1139	149	-542	-580	-37
10931	-1791	1167	157	-542	-580	-37
10936	-1727	1071	147	-542	-580	-37
10941	-1765	1035	190	-542	-580	-37
10946	-1785	935	249	-394	-410	92
10951	-1765	967	241	-394	-410	92
10956	-1777	1029	191	-394	-410	92
10961	-1785	1085	205	-394	-410	92
10966	-1794	1122	240	-394	-410	92
10971	-1808	1130	322	-394	-410	92
10976	-1792	1113	358	-518	-530	-33
10981	-1780	1054	325	-518	-530	-33
10986	-1722	1022	334	-518	-530	-33
10991	-1707	1023	281	-518	-530	-33
10996	-1715	1098	238	-518	-530	-33
11001	-1714	1076	279	-518	-530	-33
11006	-1718	1007	388	-518	-530	-33
11011	-1707	1016	447	-242	-382	30
11016	-1725	923	474	-242	-382	30
11021	-1674	908	467	-242	-382	30
11026	-1687	922	423	-242	-382	30
11031	-1669	960	391	-242	-382	30
11036	-1681	1049	360	-242	-382	30
11041	-1739	1097	351	-164	-299	-2
11046	-1751	1112	389	-164	-299	-2
11051	-1617	1127	326	-164	-299	-2
11056	-1704	1029	423	-164	-299	-2
11061	-1801	957	462	-164	-299	-2
11066	-1730	948	517	-164	-299	-2
11071	-1653	978	547	-108	-95	-49
11076	-1643	983	503	-108	-95	-49
11081	-1627	957	500	-108	-95	-49
11086	-1653	988	546	-108	-95	-49
11091	-1687	1006	572	-108	-95	-49
11096	-1712	1063	617	-108	-95	-49
11101	-1718	1046	578	-136	-126	-11
11106	-1680	1053	525	-136	-126	-11
11111	-1686	994	509	-136	-126	-11
11116	-1683	971	533	-136	-126	-11
11121	-1696	974	577	-136	-126	-11
11126	-1684	970	594	-136	-126	-11
11131	-1668	956	563	-113	-141	-17
11136	-1642	952	540	-113	-141	-17
11141	-1638	958	563	-113	-141	-17
11146	-1664	964	584	-113	-141	-17
11151	-1687	1037	599	-113	-141	-17
11156	-1699	1025	599	-113	-141	-17
11161	-1699	977	622	-113	-141	-17
11166	-1675	977	593	-87	-183	-17
11171	-1662	972	598	-87	-183	-17
11176	-1660	945	626	-87	-183	-17
11181	-1664	964	604	-87	-183	-17
11186	-1649	988	566	-87	-183	-17
11191	-1654	996	578	-87	-183	-17
11196	-1659	995	567	115	-102	81
11201	-1639	989	581	115	-102	81
11206	-1649	981	581	115	-102	81
11211	-1614	952	594	115	-102	81
11216	-1639	949	596	115	-102	81
11221	-1624	951	585	115	-102	81
11226	-1624	969	620	36	-89	-32
11231	-1644	939	661	36	-89	-32
11236	-1652	938	644	36	-89	-32
11241	-1639	976	624	36	-89	-32
11246	-1694	1102	633	36	-89	-32
11251	-1697	1071	654	36	-89	-32
11256	-1693	1009	619	-25	86	-59
11261	-1684	1049	639	-25	86	-59
11266	-1682	998	657	-25	86	-59
11271	-1670	992	605	-25	86	-59
11276	-1634	978	605	-25	86	-59
11281	-1655	990	704	-25	86	-59
11286	-1638	989	631	50	-165	138
11291	-1612	988	577	50	-165	138
11296	-1613	952	554	50	-165	138
11301	-1573	970	652	50	-165	138
11306	-1657	943	542	50	-165	138
11311	-1597	970	551	50	-165	138
11316	-1605	983	575	50	-165	138
11321	-1643	1010	625	47	-29	39
11326	-1647	1026	609	47	-29	39
11331	-1649	1052	586	47	-29	39
11336	-1651	1044	581	47	-29	39
11341	-1650	1040	600	47	-29	39
11346	-1639	1003	622	47	-29	39
11351	-1623	991	592	105	-36	-190
11356	-1622	1001	562	105	-36	-190
11361	-1618	1040	597	105	-36	-190
11366	-1644	1037	620	105	-36	-190
11371	-1663	1030	635	105	-36	-190
11376	-1682	1034	622	105	-36	-190
11381	-1682	1036	626	82	-42	-55
11386	-1699	1024	624	82	-42	-55
11391	-1674	999	613	82	-42	-55
11396	-1661	973	637	82	-42	-55
11401	-1653	967	642	82	-42	-55
11406	-1635	980	630	82	-42	-55
11411	-1612	979	594	63	9	-21
11416	-1623	991	605	63	9	-21
11421	-1635	996	614	63	9	-21
11426	-1625	994	620	63	9	-21
11431	-1634	978	625	63	9	-21
11436	-1650	999	626	63	9	-21
11441	-1657	970	661	73	-32	92
11446	-1628	978	623	73	-32	92
11451	-1631	996	590	73	-32	92
11456	-1646	1016	591	73	-32	92
11461	-1658	1019	605	73	-32	92
11466	-1663	1029	582	73	-32	92
11471	-1661	1038	561	73	-32	92
11476	-1655	1024	545	67	11	-59
11481	-1662	1038	582	67	11	-59
11486	-1658	1046	585	67	11	-59
11491	-1659	1021	587	67	11	-59
11496	-1645	1031	591	67	11	-59
11501	-1642	999	608	67	11	-59
11506	-1634	1011	609	133	79	-54
11511	-1636	1021	602	133	79	-54
11516	-1649	1045	597	133	79	-54
11521	-1649	1034	596	133	79	-54
11526	-1649	1009	586	133	79	-54
11531	-1640	1013	588	133	79	-54
11536	-1636	1018	561	-25	51	37
11541	-1623	1017	556	-25	51	37
11546	-1617	1012	568	-25	51	37
11551	-1633	1023	583	-25	51	37
11556	-1640	1029	586	-25	51	37
11561	-1654	1026	582	-25	51	37
11566	-1677	1016	571	83	-26	26
11571	-1667	1057	573	83	-26	26
11576	-1674	1070	554	83	-26	26
11581	-1678	1061	550	83	-26	26
11586	-1672	1026	575	83	-26	26
11591	-1657	1031	572	83	-26	26
11596	-1644	1044	550	98	95	-86
11601	-1648	1042	558	98	95	-86
11606	-1643	1032	540	98	95	-86
11611	-1625	1014	552	98	95	-86
11616	-1616	1010	545	98	95	-86
11621	-1624	1008	567	98	95	-86
11626	-1618	998	579	98	95	-86
11631	-1650	1023	554	86	53	84
11636	-1658	1035	535	86	53	84
11641	-1663	1055	535	86	53	84
11646	-1682	1061	552	86	53	84
11651	-1675	1066	534	86	53	84
11656	-1662	1075	549	86	53	84
11661	-1660	1069	571	24	29	-7
11666	-1655	1044	573	24	29	-7
11671	-1636	1027	561	24	29	-7
11676	-1619	1019	544	24	29	-7
11681	-1636	1030	536	24	29	-7
11686	-1648	1032	559	24	29	-7
11691	-1639	1039	550	-26	39	21
11696	-1630	1050	552	-26	39	21
11701	-1644	1072	528	-26	39	21
11706	-1679	1092	524	-26	39	21
11711	-1668	1077	513	-26	39	21
11716	-1665	1065	524	-26	39	21
11721	-1662	1045	522	3	16	-56
11726	-1653	1060	543	3	16	-56
11731	-1652	1042	524	3	16	-56
11736	-1626	1042	537	3	16	-56
11741	-1629	1030	538	3	16	-56
11746	-1638	1056	532	3	16	-56
11751	-1637	1048	522	-55	-11	-83
11756	-1637	1070	529	-55	-11	-83
11761	-1657	1072	531	-55	-11	-83
11766	-1642	1078	517	-55	-11	-83
11771	-1644	1082	523	-55	-11	-83
11776	-1637	1061	524	-55	-11	-83
11781	-1649	1070	512	-55	-11	-83
11786	-1650	1069	523	40	-6	106
11791	-1648	1070	518	40	-6	106
11796	-1615	1028	509	40	-6	106
11801	-1648	1041	515	40	-6	106
11806	-1632	1047	526	40	-6	106
11811	-1643	1051	530	40	-6	106
11816	-1635	1068	533	21	-25	24
11821	-1654	1093	525	21	-25	24
11826	-1659	1110	547	21	-25	24
11831	-1640	1114	521	21	-25	24
11836	-1619	1087	533	21	-25	24
11841	-1602	1056	544	21	-25	24
11846	-1625	1076	527	16	-52	89
11851	-1624	1059	530	16	-52	89
11856	-1624	1077	520	16	-52	89
11861	-1640	1089	514	16	-52	89
11866	-1593	1065	522	16	-52	89
11871	-1617	1086	518	16	-52	89
11876	-1610	1092	508	36	12	14
11881	-1639	1116	502	36	12	14
11886	-1645	1107	530	36	12	14
11891	-1652	1092	513	36	12	14
11896	-1641	1100	525	36	12	14
11901	-1661	1124	531	36	12	14
11906	-1639	1097	514	39	-49	-12
11911	-1634	1116	503	39	-49	-12
11916	-1624	1091	532	39	-49	-12
11921	-1599	1077	512	39	-49	-12
11926	-1616	1085	501	39	-49	-12
11931	-1577	1095	517	39	-49	-12
11936	-1610	1126	496	39	-49	-12
11941	-1610	1122	512	48	-12	-30
11946	-1624	1150	520	48	-12	-30
11951	-1623	1133	517	48	-12	-30
11956	-1621	1123	505	48	-12	-30
11961	-1657	1131	486	48	-12	-30
11966	-1633	1138	515	48	-12	-30
11971	-1653	1145	527	-70	-51	-17
11976	-1630	1125	520	-70	-51	-17
11981	-1607	1135	502	-70	-51	-17
11986	-1639	1137	510	-70	-51	-17
11991	-1636	1143	507	-70	-51	-17
11996	-1624	1135	513	-70	-51	-17
